mean_fit_time,std_fit_time,mean_score_time,std_score_time,param_rf__max_depth,param_rf__max_features,param_rf__min_samples_leaf,param_rf__min_samples_split,param_rf__n_estimators,params,split0_test_score,split1_test_score,split2_test_score,split3_test_score,split4_test_score,mean_test_score,std_test_score,rank_test_score
0.5945194244384766,0.09849826480857497,0.12368636131286621,0.078026812968052,,sqrt,1,2,100,"{'rf__max_depth': None, 'rf__max_features': 'sqrt', 'rf__min_samples_leaf': 1, 'rf__min_samples_split': 2, 'rf__n_estimators': 100}",-351.154102798712,-482.4988730608056,-1342.4593378392074,-981.0937001889496,-543.4902026332528,-740.1392433041855,368.0237469738376,123
0.8117694854736328,0.13026756158071975,0.13798599243164061,0.01842976603156118,,sqrt,1,2,300,"{'rf__max_depth': None, 'rf__max_features': 'sqrt', 'rf__min_samples_leaf': 1, 'rf__min_samples_split': 2, 'rf__n_estimators': 300}",-346.9981761196316,-475.35879186098185,-1320.167894855433,-994.3071750190252,-471.99006843097214,-721.7644212572088,373.07344313551164,106
1.0482094287872314,0.03573537842301561,0.1852724075317383,0.015259131185898302,,sqrt,1,2,500,"{'rf__max_depth': None, 'rf__max_features': 'sqrt', 'rf__min_samples_leaf': 1, 'rf__min_samples_split': 2, 'rf__n_estimators': 500}",-350.538427012329,-468.0869038452919,-1336.5535384057953,-1009.3715332490027,-498.2711839544352,-732.5643172933709,377.4150419429745,117
0.3583871364593506,0.03571473290941625,0.11216249465942382,0.025035187880331825,,sqrt,1,5,100,"{'rf__max_depth': None, 'rf__max_features': 'sqrt', 'rf__min_samples_leaf': 1, 'rf__min_samples_split': 5, 'rf__n_estimators': 100}",-340.4357553365047,-477.4377044282853,-1464.8145563242606,-1036.01420386009,-523.4540874105592,-768.4312614719399,420.57616283632154,182
0.7319069862365722,0.019490424314717557,0.1153031349182129,0.008852181613956712,,sqrt,1,5,300,"{'rf__max_depth': None, 'rf__max_features': 'sqrt', 'rf__min_samples_leaf': 1, 'rf__min_samples_split': 5, 'rf__n_estimators': 300}",-349.1363179262171,-471.12897592245645,-1466.2495704100986,-1051.1769333834068,-461.2822521330161,-759.7948099550389,430.1302078240493,139
1.135576057434082,0.042566982902093556,0.16421308517456054,0.01822699159922805,,sqrt,1,5,500,"{'rf__max_depth': None, 'rf__max_features': 'sqrt', 'rf__min_samples_leaf': 1, 'rf__min_samples_split': 5, 'rf__n_estimators': 500}",-355.4274026197845,-481.5073465967498,-1468.8610564928067,-1065.3781453670279,-474.36032081836373,-769.1068543789465,428.5212494077865,186
0.2839691638946533,0.0234040598370906,0.0865562915802002,0.017007825956411888,,sqrt,1,10,100,"{'rf__max_depth': None, 'rf__max_features': 'sqrt', 'rf__min_samples_leaf': 1, 'rf__min_samples_split': 10, 'rf__n_estimators': 100}",-397.34585441314766,-490.62316428817377,-1554.1219481062353,-1073.5735136598132,-323.82582029772925,-767.8980601530199,473.9147484791953,174
0.6569117069244385,0.029585992090884132,0.11021690368652344,0.00583551121992983,,sqrt,1,10,300,"{'rf__max_depth': None, 'rf__max_features': 'sqrt', 'rf__min_samples_leaf': 1, 'rf__min_samples_split': 10, 'rf__n_estimators': 300}",-385.03701815170444,-472.18260800306837,-1548.7495114860262,-1112.2722267616944,-294.58259705480464,-762.5647922914598,487.0807059772183,147
1.0791646480560302,0.04694401932484975,0.157499361038208,0.007320361614042159,,sqrt,1,10,500,"{'rf__max_depth': None, 'rf__max_features': 'sqrt', 'rf__min_samples_leaf': 1, 'rf__min_samples_split': 10, 'rf__n_estimators': 500}",-384.5917863023166,-472.609356034109,-1552.9741462985528,-1116.8664615905109,-308.4289467355557,-767.0941393922091,486.48764821619966,166
0.27733545303344725,0.040797937551314306,0.0704793930053711,0.00954646530743037,,sqrt,2,2,100,"{'rf__max_depth': None, 'rf__max_features': 'sqrt', 'rf__min_samples_leaf': 2, 'rf__min_samples_split': 2, 'rf__n_estimators': 100}",-338.37455117374725,-494.75444961882243,-1502.8081636275417,-1043.6212726124777,-525.9503428085811,-781.1017559682341,431.94468090988255,244
0.6702974319458008,0.018771342416556678,0.11454901695251465,0.010514910009150476,,sqrt,2,2,300,"{'rf__max_depth': None, 'rf__max_features': 'sqrt', 'rf__min_samples_leaf': 2, 'rf__min_samples_split': 2, 'rf__n_estimators': 300}",-320.3058647246631,-489.93023048691987,-1483.483711323436,-1051.1289882555193,-505.1543738383689,-770.0006337257814,433.3358076947986,194
1.1020534038543701,0.062060632955488484,0.1809412956237793,0.012433822837200632,,sqrt,2,2,500,"{'rf__max_depth': None, 'rf__max_features': 'sqrt', 'rf__min_samples_leaf': 2, 'rf__min_samples_split': 2, 'rf__n_estimators': 500}",-321.56174449229337,-479.69805069836946,-1491.3971701212674,-1053.4847093918315,-508.5390607695026,-770.9361470946529,436.9226451388038,204
0.3100642204284668,0.031962067976651236,0.08835625648498535,0.015257394565995548,,sqrt,2,5,100,"{'rf__max_depth': None, 'rf__max_features': 'sqrt', 'rf__min_samples_leaf': 2, 'rf__min_samples_split': 5, 'rf__n_estimators': 100}",-334.01824114817526,-502.9097244120247,-1513.156162819608,-1022.0113546301973,-436.96522080158894,-761.8121407623189,444.4738627918983,146
0.7557026863098144,0.024917335155042186,0.11210970878601074,0.004958562035663742,,sqrt,2,5,300,"{'rf__max_depth': None, 'rf__max_features': 'sqrt', 'rf__min_samples_leaf': 2, 'rf__min_samples_split': 5, 'rf__n_estimators': 300}",-320.7950667665317,-477.36054748322596,-1512.6439002676707,-1060.8502332191354,-453.9622324683493,-765.1223960409826,452.39311608013884,162
1.1320701599121095,0.0720203328125175,0.1510835647583008,0.012618641259213402,,sqrt,2,5,500,"{'rf__max_depth': None, 'rf__max_features': 'sqrt', 'rf__min_samples_leaf': 2, 'rf__min_samples_split': 5, 'rf__n_estimators': 500}",-328.91438529792134,-474.99164717320406,-1509.8903975181609,-1069.1354384765898,-466.6759336849086,-769.921560430157,449.5579422207876,192
0.27336845397949217,0.042947941548727074,0.07639474868774414,0.013999236942088608,,sqrt,2,10,100,"{'rf__max_depth': None, 'rf__max_features': 'sqrt', 'rf__min_samples_leaf': 2, 'rf__min_samples_split': 10, 'rf__n_estimators': 100}",-378.47627858781703,-488.62194102682736,-1590.7137814395073,-1111.9809385508445,-339.0683910198132,-781.7722661249618,491.52734008322966,246
0.6926206588745117,0.023363835667509318,0.13056592941284179,0.03057251763045627,,sqrt,2,10,300,"{'rf__max_depth': None, 'rf__max_features': 'sqrt', 'rf__min_samples_leaf': 2, 'rf__min_samples_split': 10, 'rf__n_estimators': 300}",-356.86849500862934,-481.1329333899103,-1571.8006357945544,-1136.6803137027423,-294.89403202333057,-768.2752819838335,501.4322171843205,180
1.04948148727417,0.014755448395312613,0.15718355178833007,0.009237187584081834,,sqrt,2,10,500,"{'rf__max_depth': None, 'rf__max_features': 'sqrt', 'rf__min_samples_leaf': 2, 'rf__min_samples_split': 10, 'rf__n_estimators': 500}",-355.7291864994226,-476.57704836909653,-1575.4021271603046,-1134.7291145150925,-319.3159197737374,-772.3506792635308,498.4988988104028,210
0.28296794891357424,0.012885065960136057,0.08914365768432617,0.04338010836173885,,sqrt,4,2,100,"{'rf__max_depth': None, 'rf__max_features': 'sqrt', 'rf__min_samples_leaf': 4, 'rf__min_samples_split': 2, 'rf__n_estimators': 100}",-350.8514190024915,-516.9925893856912,-1619.4604438193046,-1126.2949676088595,-339.29485095650506,-790.5788541545704,504.30485057276104,296
0.6814791679382324,0.05040116966720359,0.13023614883422852,0.032225037145551964,,sqrt,4,2,300,"{'rf__max_depth': None, 'rf__max_features': 'sqrt', 'rf__min_samples_leaf': 4, 'rf__min_samples_split': 2, 'rf__n_estimators': 300}",-335.46422444402,-490.6228259165616,-1620.944819031944,-1162.065176884933,-294.7237506774846,-780.7641593909887,523.4507256911794,238
1.074296808242798,0.029843351529809086,0.16593022346496583,0.007207466058559756,,sqrt,4,2,500,"{'rf__max_depth': None, 'rf__max_features': 'sqrt', 'rf__min_samples_leaf': 4, 'rf__min_samples_split': 2, 'rf__n_estimators': 500}",-337.4835195527577,-487.7394822600926,-1618.1902469596084,-1169.0075953118464,-301.3470713829321,-782.7535830934473,522.3404177315712,251
0.2827620983123779,0.01645060610429328,0.0831766128540039,0.015805803872227953,,sqrt,4,5,100,"{'rf__max_depth': None, 'rf__max_features': 'sqrt', 'rf__min_samples_leaf': 4, 'rf__min_samples_split': 5, 'rf__n_estimators': 100}",-350.8514190024915,-516.9925893856912,-1619.4604438193046,-1126.2949676088595,-339.29485095650506,-790.5788541545704,504.30485057276104,296
0.6684449195861817,0.0390179931667327,0.12230968475341797,0.012613741915177721,,sqrt,4,5,300,"{'rf__max_depth': None, 'rf__max_features': 'sqrt', 'rf__min_samples_leaf': 4, 'rf__min_samples_split': 5, 'rf__n_estimators': 300}",-335.46422444402,-490.6228259165616,-1620.944819031944,-1162.0651768849327,-294.72375067748465,-780.7641593909887,523.4507256911793,238
1.0824963092803954,0.03284668564892475,0.17554354667663574,0.01982024552322423,,sqrt,4,5,500,"{'rf__max_depth': None, 'rf__max_features': 'sqrt', 'rf__min_samples_leaf': 4, 'rf__min_samples_split': 5, 'rf__n_estimators': 500}",-337.4835195527577,-487.7394822600926,-1618.1902469596084,-1169.0075953118464,-301.3470713829321,-782.7535830934473,522.3404177315712,251
0.3347193241119385,0.0669415530628942,0.0981722354888916,0.017549685663143286,,sqrt,4,10,100,"{'rf__max_depth': None, 'rf__max_features': 'sqrt', 'rf__min_samples_leaf': 4, 'rf__min_samples_split': 10, 'rf__n_estimators': 100}",-377.51358290709356,-497.47877863215405,-1625.3533831134082,-1145.9675521943373,-304.62667061892853,-790.1879934931843,512.9968760718964,293
0.7068703651428223,0.05383107181029352,0.13287692070007323,0.018177944858194538,,sqrt,4,10,300,"{'rf__max_depth': None, 'rf__max_features': 'sqrt', 'rf__min_samples_leaf': 4, 'rf__min_samples_split': 10, 'rf__n_estimators': 300}",-358.2594963287176,-492.2801599461514,-1625.6657114912512,-1176.4907687814823,-289.22823765579795,-788.3848748406801,524.1199435630014,276
1.1388148307800292,0.03252491522864548,0.1827395439147949,0.027697665661468952,,sqrt,4,10,500,"{'rf__max_depth': None, 'rf__max_features': 'sqrt', 'rf__min_samples_leaf': 4, 'rf__min_samples_split': 10, 'rf__n_estimators': 500}",-356.4462151119844,-486.31137223456886,-1621.9534640017885,-1177.1323621475563,-299.31619789661903,-788.2319222785034,522.1050971334755,273
0.2826530933380127,0.03605270434240729,0.08099431991577148,0.008377147534030729,,log2,1,2,100,"{'rf__max_depth': None, 'rf__max_features': 'log2', 'rf__min_samples_leaf': 1, 'rf__min_samples_split': 2, 'rf__n_estimators': 100}",-339.5590934115499,-496.7665004172907,-1331.8768165051501,-1024.8171010283845,-519.3675467043768,-742.4774116133505,374.0594587893351,125
0.7153429985046387,0.047916904476280144,0.11742000579833985,0.00727902086288801,,log2,1,2,300,"{'rf__max_depth': None, 'rf__max_features': 'log2', 'rf__min_samples_leaf': 1, 'rf__min_samples_split': 2, 'rf__n_estimators': 300}",-336.86186882841616,-498.7295624299127,-1326.2749369544183,-1014.5192096772054,-433.3538440427218,-721.9478843865348,382.6782840991239,108
1.1351333141326905,0.030291943619030294,0.1707602024078369,0.013449067965251095,,log2,1,2,500,"{'rf__max_depth': None, 'rf__max_features': 'log2', 'rf__min_samples_leaf': 1, 'rf__min_samples_split': 2, 'rf__n_estimators': 500}",-336.822607649896,-478.8483845999933,-1334.3619610763994,-1013.5694097507638,-473.1242095191533,-727.3453145192412,381.9111207796703,115
0.299200439453125,0.03164529830973141,0.07567987442016602,0.011265964968077045,,log2,1,5,100,"{'rf__max_depth': None, 'rf__max_features': 'log2', 'rf__min_samples_leaf': 1, 'rf__min_samples_split': 5, 'rf__n_estimators': 100}",-335.5211879104473,-477.346833674337,-1482.5148820246923,-1094.2366158278412,-461.41507267473736,-770.206918422411,443.27169938120505,197
0.6830337524414063,0.037467926737418215,0.12316527366638183,0.011844932679491736,,log2,1,5,300,"{'rf__max_depth': None, 'rf__max_features': 'log2', 'rf__min_samples_leaf': 1, 'rf__min_samples_split': 5, 'rf__n_estimators': 300}",-339.59021560422167,-483.8055916310843,-1472.6757824287547,-1062.0993375456542,-482.309539574784,-768.0960933568997,431.04124554591556,176
1.0717621803283692,0.03952108997537222,0.16507983207702637,0.012162690825933535,,log2,1,5,500,"{'rf__max_depth': None, 'rf__max_features': 'log2', 'rf__min_samples_leaf': 1, 'rf__min_samples_split': 5, 'rf__n_estimators': 500}",-345.0375128806449,-475.88414290229684,-1478.7103586977103,-1073.7012078525115,-500.7119548263698,-774.8090354319068,432.2042263088145,224
0.2726555824279785,0.01600097321796312,0.07886157035827637,0.00826928491641396,,log2,1,10,100,"{'rf__max_depth': None, 'rf__max_features': 'log2', 'rf__min_samples_leaf': 1, 'rf__min_samples_split': 10, 'rf__n_estimators': 100}",-401.0324751839042,-513.0839664342366,-1558.5547719226272,-1100.0998935606406,-390.7189498871236,-792.6980113977063,463.50956130169476,306
0.682446813583374,0.0315605771086559,0.11493954658508301,0.006926142492801017,,log2,1,10,300,"{'rf__max_depth': None, 'rf__max_features': 'log2', 'rf__min_samples_leaf': 1, 'rf__min_samples_split': 10, 'rf__n_estimators': 300}",-386.3794013875636,-495.179660190467,-1557.0328713028023,-1112.0953035537998,-314.67657939099666,-773.0727631651259,482.9934012106645,214
1.0363464832305909,0.020455809408244638,0.14969854354858397,0.009532653366044815,,log2,1,10,500,"{'rf__max_depth': None, 'rf__max_features': 'log2', 'rf__min_samples_leaf': 1, 'rf__min_samples_split': 10, 'rf__n_estimators': 500}",-387.8702363035802,-486.02432145561494,-1564.3592431782984,-1127.8296537240524,-318.6467386350984,-776.9460386593289,487.686895434755,231
0.32820496559143064,0.051108512714205884,0.07369613647460938,0.005879534211729354,,log2,2,2,100,"{'rf__max_depth': None, 'rf__max_features': 'log2', 'rf__min_samples_leaf': 2, 'rf__min_samples_split': 2, 'rf__n_estimators': 100}",-321.20821218080494,-472.22267442390114,-1523.1956208618114,-1031.731560235214,-469.73606249310285,-763.618826038967,450.7432290365133,152
0.645213270187378,0.048480103019977586,0.11664514541625977,0.010568512761734554,,log2,2,2,300,"{'rf__max_depth': None, 'rf__max_features': 'log2', 'rf__min_samples_leaf': 2, 'rf__min_samples_split': 2, 'rf__n_estimators': 300}",-318.08476539120016,-475.7431953952618,-1499.2611947990686,-1071.7550717816155,-437.74351324944024,-760.5175481233173,452.46817533021425,142
1.0934840202331544,0.018857540135508243,0.1580899715423584,0.016543837178123123,,log2,2,2,500,"{'rf__max_depth': None, 'rf__max_features': 'log2', 'rf__min_samples_leaf': 2, 'rf__min_samples_split': 2, 'rf__n_estimators': 500}",-321.06076787570373,-472.13388630576367,-1501.7825632643999,-1085.797230794544,-455.0522706410381,-767.1653437762899,452.69330954892877,168
0.2879843235015869,0.020237258034942102,0.07791013717651367,0.015971248030583116,,log2,2,5,100,"{'rf__max_depth': None, 'rf__max_features': 'log2', 'rf__min_samples_leaf': 2, 'rf__min_samples_split': 5, 'rf__n_estimators': 100}",-347.002290213997,-470.0267322554268,-1514.7459118224006,-1075.5756722493995,-440.72950914222,-769.6160231366888,452.84706192068376,190
0.6680946350097656,0.008239027212437822,0.1256728172302246,0.017386141659011308,,log2,2,5,300,"{'rf__max_depth': None, 'rf__max_features': 'log2', 'rf__min_samples_leaf': 2, 'rf__min_samples_split': 5, 'rf__n_estimators': 300}",-330.8971435475132,-471.040714606091,-1500.359559415021,-1080.0268198109375,-398.43019910268964,-756.1508872964505,458.00323475373966,133
1.0912054538726808,0.07651722468653557,0.20582804679870606,0.0707070111724129,,log2,2,5,500,"{'rf__max_depth': None, 'rf__max_features': 'log2', 'rf__min_samples_leaf': 2, 'rf__min_samples_split': 5, 'rf__n_estimators': 500}",-331.8607959418689,-473.3400075722492,-1501.876474246047,-1086.1065773660307,-429.66601329139087,-764.5699736835173,454.14082653485457,158
0.2719408988952637,0.016466579576122076,0.09975924491882324,0.03498734357520506,,log2,2,10,100,"{'rf__max_depth': None, 'rf__max_features': 'log2', 'rf__min_samples_leaf': 2, 'rf__min_samples_split': 10, 'rf__n_estimators': 100}",-398.9420460461845,-489.91180906086197,-1589.3215528300445,-1102.026221378759,-367.66610898148855,-789.5735476594677,481.1693172954924,283
0.8402371406555176,0.08152687279794102,0.13704891204833985,0.0088794190199349,,log2,2,10,300,"{'rf__max_depth': None, 'rf__max_features': 'log2', 'rf__min_samples_leaf': 2, 'rf__min_samples_split': 10, 'rf__n_estimators': 300}",-365.8838663276905,-480.4088394860374,-1576.9812225696512,-1135.5697570782163,-310.0731828790336,-773.7833736681257,498.6970900532254,219
1.3358366012573242,0.03563772114813345,0.1927861213684082,0.018787414748389412,,log2,2,10,500,"{'rf__max_depth': None, 'rf__max_features': 'log2', 'rf__min_samples_leaf': 2, 'rf__min_samples_split': 10, 'rf__n_estimators': 500}",-362.1968361731849,-472.5330215049537,-1580.8991802196442,-1144.6788731804238,-317.8260951572123,-775.6268012470838,501.40496566551457,229
0.33344297409057616,0.013829555455226177,0.09836440086364746,0.013765573599783804,,log2,4,2,100,"{'rf__max_depth': None, 'rf__max_features': 'log2', 'rf__min_samples_leaf': 4, 'rf__min_samples_split': 2, 'rf__n_estimators': 100}",-369.46259331772416,-476.96679677829314,-1636.2924627430396,-1149.2505396346735,-340.0089277637304,-794.3962640474921,514.297328180159,309
0.8300249576568604,0.05431089422483336,0.14598493576049804,0.01074089850968621,,log2,4,2,300,"{'rf__max_depth': None, 'rf__max_features': 'log2', 'rf__min_samples_leaf': 4, 'rf__min_samples_split': 2, 'rf__n_estimators': 300}",-356.1002847730564,-482.2162736730486,-1630.5997282990834,-1180.8903219604686,-288.1981287748491,-787.6009474961012,528.0491024109516,261
1.2914044857025146,0.019585981352485016,0.2070298194885254,0.02368778512243037,,log2,4,2,500,"{'rf__max_depth': None, 'rf__max_features': 'log2', 'rf__min_samples_leaf': 4, 'rf__min_samples_split': 2, 'rf__n_estimators': 500}",-354.195587957888,-476.0757696402496,-1630.4548428726532,-1186.751616573954,-302.44760940444894,-789.9850852898387,527.2489788681754,286
0.35028634071350095,0.03900399356770583,0.11040210723876953,0.011757738115533463,,log2,4,5,100,"{'rf__max_depth': None, 'rf__max_features': 'log2', 'rf__min_samples_leaf': 4, 'rf__min_samples_split': 5, 'rf__n_estimators': 100}",-369.4625933177242,-476.9667967782931,-1636.2924627430396,-1149.2505396346735,-340.0089277637304,-794.3962640474921,514.297328180159,309
0.7860857009887695,0.049019598823248633,0.14640073776245116,0.027111082040612806,,log2,4,5,300,"{'rf__max_depth': None, 'rf__max_features': 'log2', 'rf__min_samples_leaf': 4, 'rf__min_samples_split': 5, 'rf__n_estimators': 300}",-356.1002847730564,-482.2162736730486,-1630.5997282990834,-1180.8903219604686,-288.1981287748491,-787.6009474961012,528.0491024109516,261
1.293825912475586,0.04384802207597411,0.18494892120361328,0.012618061205253847,,log2,4,5,500,"{'rf__max_depth': None, 'rf__max_features': 'log2', 'rf__min_samples_leaf': 4, 'rf__min_samples_split': 5, 'rf__n_estimators': 500}",-354.195587957888,-476.0757696402496,-1630.4548428726532,-1186.751616573954,-302.44760940444894,-789.9850852898387,527.2489788681754,286
0.34572501182556153,0.008919944734501705,0.10547642707824707,0.0160266261983681,,log2,4,10,100,"{'rf__max_depth': None, 'rf__max_features': 'log2', 'rf__min_samples_leaf': 4, 'rf__min_samples_split': 10, 'rf__n_estimators': 100}",-395.3963491398274,-474.6403502942266,-1655.7961534887168,-1152.6442186498327,-317.4408293875159,-799.1835801920239,521.3766465147768,322
0.7839541912078858,0.033675730325226694,0.13255786895751953,0.010038121971509143,,log2,4,10,300,"{'rf__max_depth': None, 'rf__max_features': 'log2', 'rf__min_samples_leaf': 4, 'rf__min_samples_split': 10, 'rf__n_estimators': 300}",-376.1821919290209,-479.67563519507905,-1644.4310404151481,-1179.9479521793846,-277.76602937353215,-791.6005698184329,531.4186728836492,302
1.2781738758087158,0.031691569380777794,0.20811548233032226,0.023617634872449594,,log2,4,10,500,"{'rf__max_depth': None, 'rf__max_features': 'log2', 'rf__min_samples_leaf': 4, 'rf__min_samples_split': 10, 'rf__n_estimators': 500}",-372.4361367176435,-476.6460230301786,-1641.5183851391555,-1185.489974451158,-296.64933579796406,-794.5479710272199,528.6468826333379,315
0.34718995094299315,0.03319640335850903,0.10401029586791992,0.03178607611653923,,1.0,1,2,100,"{'rf__max_depth': None, 'rf__max_features': 1.0, 'rf__min_samples_leaf': 1, 'rf__min_samples_split': 2, 'rf__n_estimators': 100}",-482.0461072975664,-514.6190802940918,-1267.9715208715509,-663.912516772311,-303.85347529561426,-646.480540106227,331.17196312512937,4
0.8515438079833985,0.0533484244760037,0.15170063972473144,0.01678846785193216,,1.0,1,2,300,"{'rf__max_depth': None, 'rf__max_features': 1.0, 'rf__min_samples_leaf': 1, 'rf__min_samples_split': 2, 'rf__n_estimators': 300}",-451.2065500183049,-554.7037713293097,-1259.6677359711941,-711.6119492545525,-281.05324680928874,-651.64865067653,334.7234990180313,8
1.4550558567047118,0.04541858971879006,0.23191919326782226,0.05895940233154564,,1.0,1,2,500,"{'rf__max_depth': None, 'rf__max_features': 1.0, 'rf__min_samples_leaf': 1, 'rf__min_samples_split': 2, 'rf__n_estimators': 500}",-463.8477525125037,-533.1338890819076,-1275.1397502073773,-712.3978783256065,-275.31095901538004,-651.966045828555,341.57754621392183,10
0.410722541809082,0.1011975411031867,0.10313625335693359,0.016584563915564513,,1.0,1,5,100,"{'rf__max_depth': None, 'rf__max_features': 1.0, 'rf__min_samples_leaf': 1, 'rf__min_samples_split': 5, 'rf__n_estimators': 100}",-414.7299402616927,-491.80741807371993,-1421.1955730373775,-772.0308785320491,-328.45517810370944,-685.6437976017097,396.7492185561255,29
0.901451587677002,0.07978993223719641,0.14153714179992677,0.011046374572129255,,1.0,1,5,300,"{'rf__max_depth': None, 'rf__max_features': 1.0, 'rf__min_samples_leaf': 1, 'rf__min_samples_split': 5, 'rf__n_estimators': 300}",-435.1553025020244,-500.4503152614878,-1399.0366325620682,-762.1101373911016,-326.763958381389,-684.7032692196142,384.865656093859,27
1.40266695022583,0.0284046912600261,0.20678143501281737,0.028700915146662367,,1.0,1,5,500,"{'rf__max_depth': None, 'rf__max_features': 1.0, 'rf__min_samples_leaf': 1, 'rf__min_samples_split': 5, 'rf__n_estimators': 500}",-444.4601750854764,-490.0854987249686,-1404.0219482832572,-766.9281207521544,-341.03203690006427,-689.3055559491842,384.12943647661143,44
0.3706385135650635,0.06148508087890879,0.11651463508605957,0.01923958884025152,,1.0,1,10,100,"{'rf__max_depth': None, 'rf__max_features': 1.0, 'rf__min_samples_leaf': 1, 'rf__min_samples_split': 10, 'rf__n_estimators': 100}",-419.97228808471397,-469.36373534182,-1454.2482336281403,-815.6489530804223,-409.5080479113752,-713.7482516092944,399.3279820930292,64
0.8135071754455566,0.026052189700233253,0.15465250015258789,0.03174149446064531,,1.0,1,10,300,"{'rf__max_depth': None, 'rf__max_features': 1.0, 'rf__min_samples_leaf': 1, 'rf__min_samples_split': 10, 'rf__n_estimators': 300}",-423.7747779081136,-475.9874735082227,-1436.4903339662415,-831.3738626137643,-389.994700844163,-711.524229768101,395.3728203340911,50
1.3816738605499268,0.0564652355095754,0.20330147743225097,0.01366975673678758,,1.0,1,10,500,"{'rf__max_depth': None, 'rf__max_features': 1.0, 'rf__min_samples_leaf': 1, 'rf__min_samples_split': 10, 'rf__n_estimators': 500}",-439.83870172305404,-468.76634252907405,-1438.5493773884443,-833.0856686624103,-403.0757355485982,-716.6631651703161,392.707422126256,82
0.3997978687286377,0.0857167072198403,0.1185518741607666,0.02847572556596606,,1.0,2,2,100,"{'rf__max_depth': None, 'rf__max_features': 1.0, 'rf__min_samples_leaf': 2, 'rf__min_samples_split': 2, 'rf__n_estimators': 100}",-425.246845482501,-521.3559028552494,-1373.5145518183974,-728.7686000346903,-219.57932651758935,-653.6930453416855,395.45792354730474,14
0.8723314285278321,0.09809591186130921,0.1603850841522217,0.01639357924191075,,1.0,2,2,300,"{'rf__max_depth': None, 'rf__max_features': 1.0, 'rf__min_samples_leaf': 2, 'rf__min_samples_split': 2, 'rf__n_estimators': 300}",-416.46956477176616,-549.3285994331636,-1355.8469195387715,-731.1195215561394,-236.8218855217896,-657.9172981643261,384.6749749860268,20
1.3932941913604737,0.05560611220533971,0.20674586296081543,0.010333761593936206,,1.0,2,2,500,"{'rf__max_depth': None, 'rf__max_features': 1.0, 'rf__min_samples_leaf': 2, 'rf__min_samples_split': 2, 'rf__n_estimators': 500}",-431.7887509741859,-538.2041161427821,-1355.1198206746617,-719.94439359932,-236.76694388964825,-656.3648050561195,382.821016533407,17
0.3858968734741211,0.062469933781731005,0.10958852767944335,0.026951283787967482,,1.0,2,5,100,"{'rf__max_depth': None, 'rf__max_features': 1.0, 'rf__min_samples_leaf': 2, 'rf__min_samples_split': 5, 'rf__n_estimators': 100}",-399.4793561618238,-521.1309724349429,-1425.168686029895,-778.0339334959285,-316.0865003042323,-687.9798896853645,400.233148142161,36
0.839639949798584,0.037218378139718206,0.15547285079956055,0.024076155837135335,,1.0,2,5,300,"{'rf__max_depth': None, 'rf__max_features': 1.0, 'rf__min_samples_leaf': 2, 'rf__min_samples_split': 5, 'rf__n_estimators': 300}",-411.8940900145057,-528.2593038242144,-1405.9265299391948,-776.2140913666966,-310.8930488343289,-686.6374127957881,391.7019686567456,33
1.4017330646514892,0.03934516869238689,0.2038970947265625,0.0205011395139959,,1.0,2,5,500,"{'rf__max_depth': None, 'rf__max_features': 1.0, 'rf__min_samples_leaf': 2, 'rf__min_samples_split': 5, 'rf__n_estimators': 500}",-426.7781465825707,-522.4223918901806,-1409.00752437649,-769.7779701065106,-315.5592200185181,-688.7090505948539,390.10303983484835,42
0.36437373161315917,0.04612368150637829,0.11111359596252442,0.0185169175544418,,1.0,2,10,100,"{'rf__max_depth': None, 'rf__max_features': 1.0, 'rf__min_samples_leaf': 2, 'rf__min_samples_split': 10, 'rf__n_estimators': 100}",-415.75384788420695,-471.13685198225346,-1445.9766320578892,-837.9749393358711,-396.7353925619062,-713.5155327644254,399.93712230035516,61
0.8488977432250977,0.03769827032115166,0.1580124855041504,0.009085122400701116,,1.0,2,10,300,"{'rf__max_depth': None, 'rf__max_features': 1.0, 'rf__min_samples_leaf': 2, 'rf__min_samples_split': 10, 'rf__n_estimators': 300}",-420.3698658899334,-482.91516758936933,-1435.3180958742778,-850.480877351991,-379.8366558095531,-713.7841325030249,397.54511400666706,67
1.4193557739257812,0.07356565819167088,0.26017012596130373,0.03941960421745388,,1.0,2,10,500,"{'rf__max_depth': None, 'rf__max_features': 1.0, 'rf__min_samples_leaf': 2, 'rf__min_samples_split': 10, 'rf__n_estimators': 500}",-434.9704601270297,-476.66232179237915,-1435.605753475556,-842.879459843475,-388.7996053506712,-715.7835201178223,394.2716901318943,77
0.40938363075256345,0.060705111718034006,0.1637587070465088,0.031134762900508553,,1.0,4,2,100,"{'rf__max_depth': None, 'rf__max_features': 1.0, 'rf__min_samples_leaf': 4, 'rf__min_samples_split': 2, 'rf__n_estimators': 100}",-399.48003853791516,-515.7735265059667,-1515.7211286793242,-920.1337477737528,-247.622377594643,-719.7461638183204,456.2471755049961,93
0.9794384479522705,0.0316029494066765,0.17219629287719726,0.03000584024237444,,1.0,4,2,300,"{'rf__max_depth': None, 'rf__max_features': 1.0, 'rf__min_samples_leaf': 4, 'rf__min_samples_split': 2, 'rf__n_estimators': 300}",-407.55248648906934,-522.8862793047537,-1511.6058051976408,-922.1593189577461,-222.2817736264086,-717.2971327151238,458.62235315261887,87
1.4379235744476317,0.03491455704674176,0.2047245979309082,0.016534795184791853,,1.0,4,2,500,"{'rf__max_depth': None, 'rf__max_features': 1.0, 'rf__min_samples_leaf': 4, 'rf__min_samples_split': 2, 'rf__n_estimators': 500}",-425.9259709266241,-510.386274557265,-1505.0370618265708,-900.129078467304,-216.2231747805001,-711.5403121116527,454.4403986998963,55
0.3945733070373535,0.014150841852829119,0.10068230628967285,0.009436306957563778,,1.0,4,5,100,"{'rf__max_depth': None, 'rf__max_features': 1.0, 'rf__min_samples_leaf': 4, 'rf__min_samples_split': 5, 'rf__n_estimators': 100}",-399.48003853791516,-515.7735265059667,-1515.7211286793242,-920.1337477737527,-247.622377594643,-719.7461638183204,456.2471755049961,93
0.8924585819244385,0.01618373021136421,0.164093542098999,0.017540570695558658,,1.0,4,5,300,"{'rf__max_depth': None, 'rf__max_features': 1.0, 'rf__min_samples_leaf': 4, 'rf__min_samples_split': 5, 'rf__n_estimators': 300}",-407.55248648906934,-522.8862793047535,-1511.6058051976408,-922.1593189577461,-222.28177362640858,-717.2971327151238,458.62235315261887,87
1.4246251106262207,0.07702532614800252,0.20437240600585938,0.016168386360108342,,1.0,4,5,500,"{'rf__max_depth': None, 'rf__max_features': 1.0, 'rf__min_samples_leaf': 4, 'rf__min_samples_split': 5, 'rf__n_estimators': 500}",-425.92597092662413,-510.386274557265,-1505.0370618265708,-900.1290784673039,-216.2231747805001,-711.5403121116527,454.4403986998963,55
0.39803376197814944,0.04512774353370751,0.11968259811401367,0.020907159482396073,,1.0,4,10,100,"{'rf__max_depth': None, 'rf__max_features': 1.0, 'rf__min_samples_leaf': 4, 'rf__min_samples_split': 10, 'rf__n_estimators': 100}",-413.41992394282687,-497.33881524128464,-1530.1258005521302,-928.0428620314577,-242.60218866294102,-722.305918086128,462.82546934544587,111
0.9108456611633301,0.025418663857784962,0.143904447555542,0.01690199159574955,,1.0,4,10,300,"{'rf__max_depth': None, 'rf__max_features': 1.0, 'rf__min_samples_leaf': 4, 'rf__min_samples_split': 10, 'rf__n_estimators': 300}",-425.0872049203998,-508.1684009464949,-1521.0885006784413,-932.0051538350083,-216.9064128491035,-720.6511346458896,462.9548988361149,102
1.4364242076873779,0.06715157866036171,0.1904141426086426,0.013766614059321664,,1.0,4,10,500,"{'rf__max_depth': None, 'rf__max_features': 1.0, 'rf__min_samples_leaf': 4, 'rf__min_samples_split': 10, 'rf__n_estimators': 500}",-439.1555403860137,-497.2237943853695,-1515.9779594347842,-910.9941552456306,-211.5698127354382,-714.9842524374473,459.7690712154745,73
0.37748422622680666,0.04721287014792509,0.1178391456604004,0.03599718512116483,5,sqrt,1,2,100,"{'rf__max_depth': 5, 'rf__max_features': 'sqrt', 'rf__min_samples_leaf': 1, 'rf__min_samples_split': 2, 'rf__n_estimators': 100}",-344.67197950301187,-493.65286107874465,-1349.7587929057768,-1001.8336231151192,-536.9828785394641,-745.3800270284233,373.7392183103734,129
0.7930206775665283,0.0502867868696064,0.13520431518554688,0.015274292882892426,5,sqrt,1,2,300,"{'rf__max_depth': 5, 'rf__max_features': 'sqrt', 'rf__min_samples_leaf': 1, 'rf__min_samples_split': 2, 'rf__n_estimators': 300}",-339.3418031865698,-496.8275259244079,-1337.1080649366681,-1020.9503815132277,-476.22924894852486,-734.0914049018797,380.66558881432036,120
1.2716802597045898,0.03710639836221195,0.17541184425354003,0.005274658055751445,5,sqrt,1,2,500,"{'rf__max_depth': 5, 'rf__max_features': 'sqrt', 'rf__min_samples_leaf': 1, 'rf__min_samples_split': 2, 'rf__n_estimators': 500}",-349.95585519501907,-484.28570766005197,-1358.550524149083,-1015.3093614814954,-507.0676082552003,-743.03381134817,382.1349784344518,127
0.3813812255859375,0.1107868830657491,0.09006271362304688,0.007786131519423736,5,sqrt,1,5,100,"{'rf__max_depth': 5, 'rf__max_features': 'sqrt', 'rf__min_samples_leaf': 1, 'rf__min_samples_split': 5, 'rf__n_estimators': 100}",-349.05446749707573,-498.04410736018224,-1495.219294092212,-1021.807234956218,-528.7838262484213,-778.5817860308218,423.86839094170506,236
0.8057028770446777,0.03468755329450796,0.15583267211914062,0.012599496563485921,5,sqrt,1,5,300,"{'rf__max_depth': 5, 'rf__max_features': 'sqrt', 'rf__min_samples_leaf': 1, 'rf__min_samples_split': 5, 'rf__n_estimators': 300}",-345.6382632217765,-481.9075957497657,-1468.6107607659083,-1064.1414215694256,-461.4292393050549,-764.3454561223863,431.9056223279461,155
1.2900091648101806,0.013796251503478008,0.18803777694702148,0.013756437701001364,5,sqrt,1,5,500,"{'rf__max_depth': 5, 'rf__max_features': 'sqrt', 'rf__min_samples_leaf': 1, 'rf__min_samples_split': 5, 'rf__n_estimators': 500}",-356.7830732916617,-482.40756229779083,-1478.3631300359455,-1075.0689207112582,-473.40257563011704,-773.2050523933547,432.7173857054197,216
0.34422974586486815,0.013960040855387178,0.10555553436279297,0.011140460463922005,5,sqrt,1,10,100,"{'rf__max_depth': 5, 'rf__max_features': 'sqrt', 'rf__min_samples_leaf': 1, 'rf__min_samples_split': 10, 'rf__n_estimators': 100}",-403.7058268133217,-467.5885284905919,-1568.807246820938,-1087.6690501005307,-339.46506616964894,-773.4471436790061,479.5689059200991,217
0.7917258739471436,0.02851655597981964,0.15267610549926758,0.007108550104596259,5,sqrt,1,10,300,"{'rf__max_depth': 5, 'rf__max_features': 'sqrt', 'rf__min_samples_leaf': 1, 'rf__min_samples_split': 10, 'rf__n_estimators': 300}",-387.4631534467767,-457.89660374106376,-1556.7315118813779,-1116.4627040695898,-300.51362623874314,-763.8135198755102,490.500140365211,154
1.3239778995513916,0.02813290525006666,0.2256622791290283,0.027041176378002938,5,sqrt,1,10,500,"{'rf__max_depth': 5, 'rf__max_features': 'sqrt', 'rf__min_samples_leaf': 1, 'rf__min_samples_split': 10, 'rf__n_estimators': 500}",-386.4687864492117,-467.01985830268063,-1564.2062499864446,-1119.9474438856048,-309.37045499044194,-769.4025587228768,490.7744353744563,189
0.3318985939025879,0.033418156523462056,0.0899886131286621,0.013830328245535792,5,sqrt,2,2,100,"{'rf__max_depth': 5, 'rf__max_features': 'sqrt', 'rf__min_samples_leaf': 2, 'rf__min_samples_split': 2, 'rf__n_estimators': 100}",-330.42160169625686,-489.8196685822329,-1521.4445003006995,-1014.8921583436102,-466.21919512014,-764.5594248085879,444.6360243480959,157
0.8390441417694092,0.05609259390134246,0.14294805526733398,0.021901884114087538,5,sqrt,2,2,300,"{'rf__max_depth': 5, 'rf__max_features': 'sqrt', 'rf__min_samples_leaf': 2, 'rf__min_samples_split': 2, 'rf__n_estimators': 300}",-324.7113973740947,-493.2194886296219,-1500.3312789482309,-1051.708295432998,-454.00442828127353,-764.7949777332439,444.3760731386786,160
1.2554166316986084,0.025867180110053043,0.19950423240661622,0.030735135089147797,5,sqrt,2,2,500,"{'rf__max_depth': 5, 'rf__max_features': 'sqrt', 'rf__min_samples_leaf': 2, 'rf__min_samples_split': 2, 'rf__n_estimators': 500}",-325.74912189284083,-483.09073981762583,-1504.3261743968783,-1051.3917445615762,-491.8145708877539,-771.2744703113351,441.6946959578829,206
0.3436886787414551,0.04608148518487247,0.09862031936645507,0.017079871189552,5,sqrt,2,5,100,"{'rf__max_depth': 5, 'rf__max_features': 'sqrt', 'rf__min_samples_leaf': 2, 'rf__min_samples_split': 5, 'rf__n_estimators': 100}",-345.5739463115021,-503.13271117603585,-1530.5062305891747,-1026.2271599029432,-454.85934340753937,-772.059878277439,446.0202074067197,208
0.7884718894958496,0.10006611358697981,0.13621945381164552,0.01655588154350533,5,sqrt,2,5,300,"{'rf__max_depth': 5, 'rf__max_features': 'sqrt', 'rf__min_samples_leaf': 2, 'rf__min_samples_split': 5, 'rf__n_estimators': 300}",-331.1960767860828,-495.86904730855076,-1503.089942384225,-1068.42501112712,-438.6321726052431,-767.4424500422443,448.09529005914897,172
1.2875462532043458,0.05127326521477056,0.17613563537597657,0.012254566550376569,5,sqrt,2,5,500,"{'rf__max_depth': 5, 'rf__max_features': 'sqrt', 'rf__min_samples_leaf': 2, 'rf__min_samples_split': 5, 'rf__n_estimators': 500}",-335.76270230539666,-485.1380045943935,-1508.0105631461884,-1074.0999689913397,-469.0785478855859,-774.4179573845809,446.6096501861219,223
0.3305535316467285,0.015568150482400612,0.08528099060058594,0.004233229670149753,5,sqrt,2,10,100,"{'rf__max_depth': 5, 'rf__max_features': 'sqrt', 'rf__min_samples_leaf': 2, 'rf__min_samples_split': 10, 'rf__n_estimators': 100}",-381.59053763966267,-475.37159004227794,-1605.72927101745,-1113.2510065953534,-350.02801094636965,-785.1940832482227,495.8134022251187,259
0.8229856014251709,0.045538951274907945,0.13474612236022948,0.006524733895078775,5,sqrt,2,10,300,"{'rf__max_depth': 5, 'rf__max_features': 'sqrt', 'rf__min_samples_leaf': 2, 'rf__min_samples_split': 10, 'rf__n_estimators': 300}",-362.39706772236644,-470.53469944036596,-1581.838726072812,-1134.8642291331707,-301.5293291144526,-770.2328102966336,503.4862734911152,199
1.2532250881195068,0.029779160468521873,0.2078568935394287,0.03619401714588215,5,sqrt,2,10,500,"{'rf__max_depth': 5, 'rf__max_features': 'sqrt', 'rf__min_samples_leaf': 2, 'rf__min_samples_split': 10, 'rf__n_estimators': 500}",-359.53692698672313,-470.03372346004494,-1580.7595610097223,-1131.5413285678483,-320.3733069612002,-772.4489693971078,499.727340704408,212
0.39183568954467773,0.048390788695636504,0.10425772666931152,0.03054356191600254,5,sqrt,4,2,100,"{'rf__max_depth': 5, 'rf__max_features': 'sqrt', 'rf__min_samples_leaf': 4, 'rf__min_samples_split': 2, 'rf__n_estimators': 100}",-353.7906513876298,-514.6643777583729,-1629.1626232336819,-1129.872778151034,-312.52860526242637,-788.0038071586291,512.5923766729062,268
0.7640650272369385,0.020092744417897636,0.14016370773315429,0.016573476917803615,5,sqrt,4,2,300,"{'rf__max_depth': 5, 'rf__max_features': 'sqrt', 'rf__min_samples_leaf': 4, 'rf__min_samples_split': 2, 'rf__n_estimators': 300}",-338.12219215009327,-497.39366544518555,-1622.635069351986,-1165.0308036367467,-290.1721322004877,-782.6707725568998,524.0802595394135,249
1.2825952053070069,0.02457404744363515,0.18160514831542968,0.01028723155917864,5,sqrt,4,2,500,"{'rf__max_depth': 5, 'rf__max_features': 'sqrt', 'rf__min_samples_leaf': 4, 'rf__min_samples_split': 2, 'rf__n_estimators': 500}",-340.1775997410304,-497.2935602154939,-1619.4193823823505,-1168.517756121829,-297.70678043693226,-784.6230157795272,521.8117494783573,257
0.3217670440673828,0.01699859660332366,0.10151948928833007,0.016455702433120892,5,sqrt,4,5,100,"{'rf__max_depth': 5, 'rf__max_features': 'sqrt', 'rf__min_samples_leaf': 4, 'rf__min_samples_split': 5, 'rf__n_estimators': 100}",-353.79065138762985,-514.6643777583729,-1629.1626232336819,-1129.872778151034,-312.52860526242637,-788.0038071586291,512.5923766729062,268
0.7734697341918946,0.03601890584179621,0.1327125072479248,0.019236693135862522,5,sqrt,4,5,300,"{'rf__max_depth': 5, 'rf__max_features': 'sqrt', 'rf__min_samples_leaf': 4, 'rf__min_samples_split': 5, 'rf__n_estimators': 300}",-338.12219215009327,-497.39366544518555,-1622.6350693519857,-1165.0308036367467,-290.17213220048774,-782.6707725568998,524.0802595394134,249
1.2489941596984864,0.034452954678506696,0.1872814655303955,0.01943715884065575,5,sqrt,4,5,500,"{'rf__max_depth': 5, 'rf__max_features': 'sqrt', 'rf__min_samples_leaf': 4, 'rf__min_samples_split': 5, 'rf__n_estimators': 500}",-340.1775997410304,-497.2935602154939,-1619.4193823823505,-1168.517756121829,-297.70678043693226,-784.6230157795272,521.8117494783573,257
0.34348206520080565,0.028113576410404455,0.0950709342956543,0.013057089381047344,5,sqrt,4,10,100,"{'rf__max_depth': 5, 'rf__max_features': 'sqrt', 'rf__min_samples_leaf': 4, 'rf__min_samples_split': 10, 'rf__n_estimators': 100}",-380.306919249387,-492.12114188840735,-1620.9247353160333,-1148.2692164530931,-308.43078468427154,-790.0105595182386,511.32805327402434,292
0.7734519004821777,0.05994029179929632,0.13833394050598144,0.008470949436055702,5,sqrt,4,10,300,"{'rf__max_depth': 5, 'rf__max_features': 'sqrt', 'rf__min_samples_leaf': 4, 'rf__min_samples_split': 10, 'rf__n_estimators': 300}",-359.7601869769126,-496.6153304523549,-1624.3479062600284,-1174.5471696233399,-287.760584891,-788.6062356407272,522.9586087971248,279
1.2369858741760253,0.03463301988680817,0.18903722763061523,0.01558094697836151,5,sqrt,4,10,500,"{'rf__max_depth': 5, 'rf__max_features': 'sqrt', 'rf__min_samples_leaf': 4, 'rf__min_samples_split': 10, 'rf__n_estimators': 500}",-356.9378184274671,-489.5694310958508,-1621.1900134685163,-1175.9560457697287,-296.72694429470323,-788.0760506112531,521.7164147647682,270
0.34296598434448244,0.060716306924699544,0.09900455474853516,0.021554604671521167,5,log2,1,2,100,"{'rf__max_depth': 5, 'rf__max_features': 'log2', 'rf__min_samples_leaf': 1, 'rf__min_samples_split': 2, 'rf__n_estimators': 100}",-323.2775025621814,-519.3803150284596,-1390.3207318751824,-1024.4986491630868,-503.6400518096596,-752.2234500877141,395.2989204129844,132
0.7824218273162842,0.014289925837976015,0.13926296234130858,0.01486741808728316,5,log2,1,2,300,"{'rf__max_depth': 5, 'rf__max_features': 'log2', 'rf__min_samples_leaf': 1, 'rf__min_samples_split': 2, 'rf__n_estimators': 300}",-338.2224276694829,-499.76145185288397,-1375.801397887988,-1025.881846709593,-488.91334832529606,-745.7160944890487,391.91651239676554,130
1.2900380611419677,0.06100631102222552,0.20314102172851561,0.03074518604107935,5,log2,1,2,500,"{'rf__max_depth': 5, 'rf__max_features': 'log2', 'rf__min_samples_leaf': 1, 'rf__min_samples_split': 2, 'rf__n_estimators': 500}",-335.5010696605428,-493.180608883144,-1382.637722534991,-1015.4606975994681,-506.4662129813582,-746.6492623319008,391.8463987471322,131
0.35706772804260256,0.05111303903144056,0.10334358215332032,0.01244336147307531,5,log2,1,5,100,"{'rf__max_depth': 5, 'rf__max_features': 'log2', 'rf__min_samples_leaf': 1, 'rf__min_samples_split': 5, 'rf__n_estimators': 100}",-343.66145617530515,-505.7432964327344,-1480.052957779572,-1121.4054435810451,-494.806828080555,-789.1339964098423,436.6137608318672,282
0.8063406467437744,0.03826570921793062,0.135272216796875,0.004815381332016831,5,log2,1,5,300,"{'rf__max_depth': 5, 'rf__max_features': 'log2', 'rf__min_samples_leaf': 1, 'rf__min_samples_split': 5, 'rf__n_estimators': 300}",-338.566662155109,-475.82220302177944,-1480.59877291141,-1077.2225071177506,-462.61494171295203,-766.9650173838002,439.6478373977494,165
1.2864438533782958,0.046043407888033655,0.17992792129516602,0.014575802494091418,5,log2,1,5,500,"{'rf__max_depth': 5, 'rf__max_features': 'log2', 'rf__min_samples_leaf': 1, 'rf__min_samples_split': 5, 'rf__n_estimators': 500}",-339.7665696952664,-469.8214713281057,-1487.3689968333917,-1091.9401714710275,-487.16300604837346,-775.212043075233,441.2102998422509,226
0.3435641288757324,0.02749231713957005,0.09370055198669433,0.012271297058221187,5,log2,1,10,100,"{'rf__max_depth': 5, 'rf__max_features': 'log2', 'rf__min_samples_leaf': 1, 'rf__min_samples_split': 10, 'rf__n_estimators': 100}",-390.9836302400443,-493.16704682287696,-1570.7907472647025,-1103.0537373781692,-381.41176859314396,-787.8813860597875,473.6839873054445,267
0.7744707584381103,0.017226104087991054,0.14082822799682618,0.018245794950543837,5,log2,1,10,300,"{'rf__max_depth': 5, 'rf__max_features': 'log2', 'rf__min_samples_leaf': 1, 'rf__min_samples_split': 10, 'rf__n_estimators': 300}",-379.8927492760873,-480.6244632050292,-1560.912357444199,-1123.2834807114987,-308.29717606852665,-770.6020453410681,489.78385612383204,202
1.2580683708190918,0.07086169067717375,0.17368955612182618,0.017992082593137063,5,log2,1,10,500,"{'rf__max_depth': 5, 'rf__max_features': 'log2', 'rf__min_samples_leaf': 1, 'rf__min_samples_split': 10, 'rf__n_estimators': 500}",-385.7170548317569,-474.2894011107283,-1571.3692569695722,-1134.568496958,-325.980129593885,-778.3848678927885,491.3294476215273,235
0.3142751693725586,0.032339085901073726,0.1024704933166504,0.02250993465941262,5,log2,2,2,100,"{'rf__max_depth': 5, 'rf__max_features': 'log2', 'rf__min_samples_leaf': 2, 'rf__min_samples_split': 2, 'rf__n_estimators': 100}",-332.22510902234575,-480.5564786404846,-1495.027842507429,-1050.1213620878407,-459.9076920217014,-763.5676968559603,441.7030957521221,150
0.7891432285308838,0.037594360829772806,0.13737988471984863,0.003990914776102759,5,log2,2,2,300,"{'rf__max_depth': 5, 'rf__max_features': 'log2', 'rf__min_samples_leaf': 2, 'rf__min_samples_split': 2, 'rf__n_estimators': 300}",-318.4385296360634,-470.145634694831,-1497.8858937091736,-1067.0075752852765,-441.8021575768696,-759.055958180443,451.4347659323337,137
1.285439395904541,0.03996954097866034,0.19429640769958495,0.022007959187889493,5,log2,2,2,500,"{'rf__max_depth': 5, 'rf__max_features': 'log2', 'rf__min_samples_leaf': 2, 'rf__min_samples_split': 2, 'rf__n_estimators': 500}",-324.126584184509,-464.8538652950451,-1501.829224158554,-1079.1355178880035,-469.7597225333476,-767.9409828118919,450.1508801864307,175
0.3302619934082031,0.02403112210653905,0.08849272727966309,0.014267127762084865,5,log2,2,5,100,"{'rf__max_depth': 5, 'rf__max_features': 'log2', 'rf__min_samples_leaf': 2, 'rf__min_samples_split': 5, 'rf__n_estimators': 100}",-353.679928026922,-486.33157335243897,-1515.4836780896594,-1072.4936132980895,-457.40241305558135,-777.0782411645382,446.8792281729257,233
0.8012787818908691,0.032881722713779905,0.1412508010864258,0.009929086306391008,5,log2,2,5,300,"{'rf__max_depth': 5, 'rf__max_features': 'log2', 'rf__min_samples_leaf': 2, 'rf__min_samples_split': 5, 'rf__n_estimators': 300}",-322.1197863410895,-471.3480657528719,-1514.5297677989925,-1095.7234097976766,-420.56724674779736,-764.8576552876856,463.0725664397455,161
1.3005630493164062,0.035556152256517766,0.18998303413391113,0.01011117762992277,5,log2,2,5,500,"{'rf__max_depth': 5, 'rf__max_features': 'log2', 'rf__min_samples_leaf': 2, 'rf__min_samples_split': 5, 'rf__n_estimators': 500}",-327.08287280689336,-462.956016294708,-1520.4032284250225,-1098.969093773473,-450.8825341374665,-772.0587490875126,461.2140553276635,207
0.33424081802368166,0.029305285393747032,0.10246386528015136,0.01266163385877868,5,log2,2,10,100,"{'rf__max_depth': 5, 'rf__max_features': 'log2', 'rf__min_samples_leaf': 2, 'rf__min_samples_split': 10, 'rf__n_estimators': 100}",-393.8150197652528,-479.9929936827425,-1600.995452128902,-1101.2206066625313,-355.7400940033901,-786.3528332485637,489.1122424851318,260
0.8218219757080079,0.034824187762217636,0.1681278705596924,0.01566820972478258,5,log2,2,10,300,"{'rf__max_depth': 5, 'rf__max_features': 'log2', 'rf__min_samples_leaf': 2, 'rf__min_samples_split': 10, 'rf__n_estimators': 300}",-362.89472988738856,-479.34227044062897,-1578.205388665107,-1137.4820948605588,-292.333190090847,-770.0515347889061,503.31326726525043,196
1.3819122314453125,0.03950414397769345,0.25592865943908694,0.02118874950352273,5,log2,2,10,500,"{'rf__max_depth': 5, 'rf__max_features': 'log2', 'rf__min_samples_leaf': 2, 'rf__min_samples_split': 10, 'rf__n_estimators': 500}",-361.667712031706,-472.8198098427903,-1584.629668816942,-1145.294053339382,-311.78717933409246,-775.2396846729824,503.85318578991763,227
0.4638862609863281,0.07672681516331947,0.17340564727783203,0.06249229196654675,5,log2,4,2,100,"{'rf__max_depth': 5, 'rf__max_features': 'log2', 'rf__min_samples_leaf': 4, 'rf__min_samples_split': 2, 'rf__n_estimators': 100}",-367.627812424049,-477.1181634783223,-1646.6386637156268,-1148.880236465363,-338.29881587249315,-795.7127383911708,518.2256102516284,319
0.8648109912872315,0.06182923957116166,0.15435495376586914,0.008967527347337504,5,log2,4,2,300,"{'rf__max_depth': 5, 'rf__max_features': 'log2', 'rf__min_samples_leaf': 4, 'rf__min_samples_split': 2, 'rf__n_estimators': 300}",-357.6717983217652,-481.82301204879053,-1636.7378713379937,-1175.5336965454555,-288.8326683542634,-788.1198093216536,528.8918608795166,271
1.317885160446167,0.030806397483930867,0.1877964496612549,0.011850429964017792,5,log2,4,2,500,"{'rf__max_depth': 5, 'rf__max_features': 'log2', 'rf__min_samples_leaf': 4, 'rf__min_samples_split': 2, 'rf__n_estimators': 500}",-355.33314054817083,-474.13701997558513,-1633.3196294870907,-1182.538019619775,-298.34616328723627,-788.7347945835716,528.3359322649807,280
0.3743952751159668,0.042798168392432556,0.10099520683288574,0.0131424986196494,5,log2,4,5,100,"{'rf__max_depth': 5, 'rf__max_features': 'log2', 'rf__min_samples_leaf': 4, 'rf__min_samples_split': 5, 'rf__n_estimators': 100}",-367.627812424049,-477.11816347832234,-1646.6386637156268,-1148.880236465363,-338.2988158724932,-795.7127383911709,518.2256102516285,320
0.770626449584961,0.04144736453550356,0.14077601432800294,0.005705162419650543,5,log2,4,5,300,"{'rf__max_depth': 5, 'rf__max_features': 'log2', 'rf__min_samples_leaf': 4, 'rf__min_samples_split': 5, 'rf__n_estimators': 300}",-357.67179832176515,-481.82301204879053,-1636.7378713379937,-1175.5336965454553,-288.8326683542634,-788.1198093216536,528.8918608795166,271
1.2854282855987549,0.035416159818170444,0.19529299736022948,0.0157335039603439,5,log2,4,5,500,"{'rf__max_depth': 5, 'rf__max_features': 'log2', 'rf__min_samples_leaf': 4, 'rf__min_samples_split': 5, 'rf__n_estimators': 500}",-355.3331405481709,-474.1370199755851,-1633.3196294870907,-1182.538019619775,-298.34616328723627,-788.7347945835716,528.3359322649807,280
0.3392148971557617,0.01733970439535009,0.09246606826782226,0.007387821266273562,5,log2,4,10,100,"{'rf__max_depth': 5, 'rf__max_features': 'log2', 'rf__min_samples_leaf': 4, 'rf__min_samples_split': 10, 'rf__n_estimators': 100}",-394.64986054414754,-474.1450215620011,-1657.5824754452292,-1152.798820499736,-323.0402696381428,-800.4432895378513,521.1323275954513,324
0.830008602142334,0.04416332870366142,0.16200575828552247,0.029458655373796078,5,log2,4,10,300,"{'rf__max_depth': 5, 'rf__max_features': 'log2', 'rf__min_samples_leaf': 4, 'rf__min_samples_split': 10, 'rf__n_estimators': 300}",-377.2518809989371,-480.2250171170281,-1646.3543361877908,-1179.6760774051138,-282.2562453761981,-793.1527114170135,530.8984397380746,308
1.2854846000671387,0.05570228273309251,0.19170422554016114,0.01310648385259164,5,log2,4,10,500,"{'rf__max_depth': 5, 'rf__max_features': 'log2', 'rf__min_samples_leaf': 4, 'rf__min_samples_split': 10, 'rf__n_estimators': 500}",-371.49809690229847,-477.2002318238048,-1643.8365059992461,-1184.7888963361904,-296.21200643718015,-794.707147499744,529.4522425892067,318
0.36379375457763674,0.04172080218554602,0.09676876068115234,0.005585960682606009,5,1.0,1,2,100,"{'rf__max_depth': 5, 'rf__max_features': 1.0, 'rf__min_samples_leaf': 1, 'rf__min_samples_split': 2, 'rf__n_estimators': 100}",-465.94989582711696,-484.9329568559442,-1267.0226397198637,-663.001607045947,-237.45368072688947,-623.6721560351523,348.92298233209607,1
0.8643949508666993,0.042751982726907126,0.17211098670959474,0.02496008755578177,5,1.0,1,2,300,"{'rf__max_depth': 5, 'rf__max_features': 1.0, 'rf__min_samples_leaf': 1, 'rf__min_samples_split': 2, 'rf__n_estimators': 300}",-430.7969271563344,-509.0668529538208,-1265.2165467310374,-699.0498701793628,-251.70019090983786,-631.1660775860787,348.0455668358705,2
1.3685745239257812,0.02285908375576986,0.21063270568847656,0.02408201921011103,5,1.0,1,2,500,"{'rf__max_depth': 5, 'rf__max_features': 1.0, 'rf__min_samples_leaf': 1, 'rf__min_samples_split': 2, 'rf__n_estimators': 500}",-440.8520182268747,-504.94214213636656,-1278.2121978112314,-693.2530846315801,-256.972226293703,-634.8463338199512,350.60767764775727,3
0.38652477264404295,0.04089026833275733,0.15395026206970214,0.023903647125277403,5,1.0,1,5,100,"{'rf__max_depth': 5, 'rf__max_features': 1.0, 'rf__min_samples_leaf': 1, 'rf__min_samples_split': 5, 'rf__n_estimators': 100}",-415.96379915365816,-503.9347073764116,-1423.376547078139,-762.7211531860751,-331.81499579983625,-687.5622405188241,395.24990633668614,35
0.8679368019104003,0.07707851337729664,0.16459870338439941,0.02079925096480538,5,1.0,1,5,300,"{'rf__max_depth': 5, 'rf__max_features': 1.0, 'rf__min_samples_leaf': 1, 'rf__min_samples_split': 5, 'rf__n_estimators': 300}",-417.5371850243207,-520.9032655142215,-1402.9917146480898,-762.7433455303874,-317.0692979757077,-684.2489617385454,388.687639870606,26
1.4133846759796143,0.07235450553681481,0.26627202033996583,0.08111897362495342,5,1.0,1,5,500,"{'rf__max_depth': 5, 'rf__max_features': 1.0, 'rf__min_samples_leaf': 1, 'rf__min_samples_split': 5, 'rf__n_estimators': 500}",-423.71979466556786,-510.43478152808916,-1408.3265982080336,-770.3555184423734,-329.36432108595693,-688.4402027860042,388.7530976195893,39
0.3890374660491943,0.028566497709485633,0.12135705947875977,0.01752296627946635,5,1.0,1,10,100,"{'rf__max_depth': 5, 'rf__max_features': 1.0, 'rf__min_samples_leaf': 1, 'rf__min_samples_split': 10, 'rf__n_estimators': 100}",-420.2715913041351,-474.66313044223585,-1452.7702378222984,-816.8640359897066,-410.38920751956175,-714.9916406155876,398.01899099210567,76
0.9168507099151612,0.04430114731343689,0.16314296722412108,0.02564792527773672,5,1.0,1,10,300,"{'rf__max_depth': 5, 'rf__max_features': 1.0, 'rf__min_samples_leaf': 1, 'rf__min_samples_split': 10, 'rf__n_estimators': 300}",-422.31038857977603,-478.89930345355333,-1436.8283706090458,-831.1819797218704,-386.9255973783896,-711.2291279485271,395.85525456828935,49
1.3971885681152343,0.05997263694715256,0.20384664535522462,0.014098007038279998,5,1.0,1,10,500,"{'rf__max_depth': 5, 'rf__max_features': 1.0, 'rf__min_samples_leaf': 1, 'rf__min_samples_split': 10, 'rf__n_estimators': 500}",-438.3718406515204,-470.67035841128245,-1438.9063410680344,-832.9509061448189,-401.8041135470262,-716.5407119645365,393.00196272450546,81
0.3866246223449707,0.019982955559454004,0.10622940063476563,0.013117053100303817,5,1.0,2,2,100,"{'rf__max_depth': 5, 'rf__max_features': 1.0, 'rf__min_samples_leaf': 2, 'rf__min_samples_split': 2, 'rf__n_estimators': 100}",-429.6389661343071,-578.2057978717079,-1366.3037980934103,-733.692323341414,-215.78365551676256,-664.7249081915204,390.197039472384,23
0.8533698558807373,0.048404589456535176,0.14059944152832032,0.006281114770968099,5,1.0,2,2,300,"{'rf__max_depth': 5, 'rf__max_features': 1.0, 'rf__min_samples_leaf': 2, 'rf__min_samples_split': 2, 'rf__n_estimators': 300}",-417.58523847268674,-585.3325622416928,-1354.8496715648628,-734.2118317190069,-240.0172284261736,-666.3993064848846,381.79690352595003,24
1.4003397464752196,0.06492426076276564,0.21824007034301757,0.025388258406836818,5,1.0,2,2,500,"{'rf__max_depth': 5, 'rf__max_features': 1.0, 'rf__min_samples_leaf': 2, 'rf__min_samples_split': 2, 'rf__n_estimators': 500}",-427.87877759105544,-557.7085393197026,-1352.7384405801254,-725.4640522601636,-242.52544301787933,-661.2630505537852,380.20860675696116,22
0.3951010227203369,0.029338180632290958,0.10844416618347168,0.012267189780205887,5,1.0,2,5,100,"{'rf__max_depth': 5, 'rf__max_features': 1.0, 'rf__min_samples_leaf': 2, 'rf__min_samples_split': 5, 'rf__n_estimators': 100}",-422.9089898810279,-553.0941760577249,-1424.8235375284228,-778.1097524718467,-319.63098692197735,-699.7134885721998,393.5762235321892,48
0.8118729591369629,0.020529246079938872,0.1506636619567871,0.011854012658194012,5,1.0,2,5,300,"{'rf__max_depth': 5, 'rf__max_features': 1.0, 'rf__min_samples_leaf': 2, 'rf__min_samples_split': 5, 'rf__n_estimators': 300}",-421.15540108111827,-552.7551775100748,-1404.5372790699785,-775.0348978037645,-321.51629090427946,-694.9998092738431,385.89202378345055,47
1.359691047668457,0.03247427846059869,0.2044954776763916,0.0189623465559133,5,1.0,2,5,500,"{'rf__max_depth': 5, 'rf__max_features': 1.0, 'rf__min_samples_leaf': 2, 'rf__min_samples_split': 5, 'rf__n_estimators': 500}",-428.0503689651392,-535.3736769922904,-1408.7184294578562,-770.8948994590921,-319.42301627165324,-692.4920782292062,388.05239933976577,46
0.3710486888885498,0.03364689922594202,0.12259759902954101,0.02687473717479045,5,1.0,2,10,100,"{'rf__max_depth': 5, 'rf__max_features': 1.0, 'rf__min_samples_leaf': 2, 'rf__min_samples_split': 10, 'rf__n_estimators': 100}",-415.65949341160956,-477.34925386249415,-1446.0157001755613,-838.2350599134951,-394.69250920432347,-714.3904033134967,399.56188019844376,71
0.8842645168304444,0.059869192833112574,0.15508527755737306,0.011543839849146966,5,1.0,2,10,300,"{'rf__max_depth': 5, 'rf__max_features': 1.0, 'rf__min_samples_leaf': 2, 'rf__min_samples_split': 10, 'rf__n_estimators': 300}",-419.99288422636744,-485.49186562828146,-1435.3487978932937,-850.7587239326923,-379.03699502532606,-714.1258533411922,397.4678160303593,70
1.4427424907684325,0.051591383454295515,0.20473866462707518,0.029982035090813614,5,1.0,2,10,500,"{'rf__max_depth': 5, 'rf__max_features': 1.0, 'rf__min_samples_leaf': 2, 'rf__min_samples_split': 10, 'rf__n_estimators': 500}",-435.53624077215227,-479.007695424798,-1435.779321782193,-843.0527428270493,-388.2570880258681,-716.326617766412,394.0722845231946,80
0.3841494083404541,0.03093735546331704,0.14351272583007812,0.021333403734038945,5,1.0,4,2,100,"{'rf__max_depth': 5, 'rf__max_features': 1.0, 'rf__min_samples_leaf': 4, 'rf__min_samples_split': 2, 'rf__n_estimators': 100}",-398.9851392568734,-516.4150134202062,-1515.7073188744423,-920.075643267038,-247.58743979329492,-719.754110922371,456.2567506682082,99
0.8358508110046386,0.053321398047156535,0.15407538414001465,0.012793968395616785,5,1.0,4,2,300,"{'rf__max_depth': 5, 'rf__max_features': 1.0, 'rf__min_samples_leaf': 4, 'rf__min_samples_split': 2, 'rf__n_estimators': 300}",-407.6931395908773,-522.7437508937603,-1511.6256556345936,-922.1507333115262,-222.2180040661849,-717.2862566993884,458.6353222266464,85
1.4463604927062987,0.06386020319156965,0.25655603408813477,0.03032577112877362,5,1.0,4,2,500,"{'rf__max_depth': 5, 'rf__max_features': 1.0, 'rf__min_samples_leaf': 4, 'rf__min_samples_split': 2, 'rf__n_estimators': 500}",-426.25641595955545,-510.2295877799062,-1505.1320192915148,-900.0827008627272,-215.94084245732142,-711.528313270205,454.50363536436004,53
0.38334074020385744,0.012349846397265928,0.1022334098815918,0.02133916991889722,5,1.0,4,5,100,"{'rf__max_depth': 5, 'rf__max_features': 1.0, 'rf__min_samples_leaf': 4, 'rf__min_samples_split': 5, 'rf__n_estimators': 100}",-398.9851392568734,-516.4150134202062,-1515.7073188744423,-920.075643267038,-247.5874397932949,-719.754110922371,456.2567506682082,99
1.1653943538665772,0.09507659966746727,0.20492796897888182,0.044491064502406474,5,1.0,4,5,300,"{'rf__max_depth': 5, 'rf__max_features': 1.0, 'rf__min_samples_leaf': 4, 'rf__min_samples_split': 5, 'rf__n_estimators': 300}",-407.6931395908774,-522.7437508937603,-1511.6256556345934,-922.1507333115262,-222.21800406618496,-717.2862566993884,458.6353222266463,85
1.729380989074707,0.19851366143840643,0.3395965099334717,0.11371729242616813,5,1.0,4,5,500,"{'rf__max_depth': 5, 'rf__max_features': 1.0, 'rf__min_samples_leaf': 4, 'rf__min_samples_split': 5, 'rf__n_estimators': 500}",-426.25641595955545,-510.2295877799062,-1505.1320192915148,-900.0827008627272,-215.94084245732145,-711.528313270205,454.50363536436004,53
0.6145786285400391,0.05851601789653442,0.2888955593109131,0.09081359534419148,5,1.0,4,10,100,"{'rf__max_depth': 5, 'rf__max_features': 1.0, 'rf__min_samples_leaf': 4, 'rf__min_samples_split': 10, 'rf__n_estimators': 100}",-413.13260950408676,-497.2408236471876,-1530.114464745624,-927.9951946463376,-242.7304669503948,-722.242711898726,462.8385790703485,110
1.1570699214935303,0.14600402504717994,0.20414671897888184,0.013413040744729791,5,1.0,4,10,300,"{'rf__max_depth': 5, 'rf__max_features': 1.0, 'rf__min_samples_leaf': 4, 'rf__min_samples_split': 10, 'rf__n_estimators': 300}",-424.9495669049913,-508.0505000246639,-1521.0941258840376,-931.9501221999201,-216.82925082364343,-720.5747131674513,462.9970092314615,101
1.8311134815216064,0.10896556536313674,0.29974541664123533,0.05092785713379321,5,1.0,4,10,500,"{'rf__max_depth': 5, 'rf__max_features': 1.0, 'rf__min_samples_leaf': 4, 'rf__min_samples_split': 10, 'rf__n_estimators': 500}",-439.04831452227097,-497.1302009462487,-1515.9706732207144,-910.9427346660054,-211.40775375985493,-714.8999354230189,459.8193682511331,72
0.4861562728881836,0.1573968513143897,0.21949100494384766,0.11376757174671646,10,sqrt,1,2,100,"{'rf__max_depth': 10, 'rf__max_features': 'sqrt', 'rf__min_samples_leaf': 1, 'rf__min_samples_split': 2, 'rf__n_estimators': 100}",-358.2609860340231,-505.667933351645,-1319.3347575001703,-1039.369672630008,-502.7394625277337,-745.074562408716,369.3375044874847,128
1.2151622772216797,0.2009337270193082,0.1642735481262207,0.01703503740867297,10,sqrt,1,2,300,"{'rf__max_depth': 10, 'rf__max_features': 'sqrt', 'rf__min_samples_leaf': 1, 'rf__min_samples_split': 2, 'rf__n_estimators': 300}",-349.03952618482907,-489.47589438119957,-1312.2116877079898,-1031.9110025452305,-480.682215054159,-732.6640651746816,372.8879999219286,119
1.527817392349243,0.02695468043936907,0.20443081855773926,0.01375008318374113,10,sqrt,1,2,500,"{'rf__max_depth': 10, 'rf__max_features': 'sqrt', 'rf__min_samples_leaf': 1, 'rf__min_samples_split': 2, 'rf__n_estimators': 500}",-363.4698893141319,-473.30434898417803,-1322.4997933008835,-1020.0871072556316,-496.71104950130626,-735.2144376712262,371.41117289898745,121
0.40518651008605955,0.0402101268451778,0.1481621265411377,0.07437450951635459,10,sqrt,1,5,100,"{'rf__max_depth': 10, 'rf__max_features': 'sqrt', 'rf__min_samples_leaf': 1, 'rf__min_samples_split': 5, 'rf__n_estimators': 100}",-327.4177769778219,-486.5607011667805,-1462.0630128719895,-1028.5452624154937,-492.60525722291317,-759.4384021309997,423.88768166435455,138
0.8367900848388672,0.0266635845518006,0.16177988052368164,0.025456906484579954,10,sqrt,1,5,300,"{'rf__max_depth': 10, 'rf__max_features': 'sqrt', 'rf__min_samples_leaf': 1, 'rf__min_samples_split': 5, 'rf__n_estimators': 300}",-346.71171367802697,-477.57260105663016,-1465.8942989838627,-1038.2471654464312,-465.71611473429846,-758.8283787798499,427.2883877072772,136
1.3474449634552002,0.03698058504498261,0.2059629440307617,0.0032670844442370664,10,sqrt,1,5,500,"{'rf__max_depth': 10, 'rf__max_features': 'sqrt', 'rf__min_samples_leaf': 1, 'rf__min_samples_split': 5, 'rf__n_estimators': 500}",-354.5067646151345,-482.7420988464098,-1471.7670016647699,-1060.7448415348586,-475.27326473992554,-769.0067942802197,428.7237185226619,185
0.35271396636962893,0.027262674518079885,0.10858154296875,0.0264403676204962,10,sqrt,1,10,100,"{'rf__max_depth': 10, 'rf__max_features': 'sqrt', 'rf__min_samples_leaf': 1, 'rf__min_samples_split': 10, 'rf__n_estimators': 100}",-399.79219865906026,-490.7684849757311,-1554.146528322684,-1073.575710226345,-324.0005647771707,-768.4566973921982,473.491632910398,184
0.842687463760376,0.06088582409511518,0.15599427223205567,0.008531165596560765,10,sqrt,1,10,300,"{'rf__max_depth': 10, 'rf__max_features': 'sqrt', 'rf__min_samples_leaf': 1, 'rf__min_samples_split': 10, 'rf__n_estimators': 300}",-385.9580287810415,-472.24105089069843,-1548.8326446192475,-1112.400646418123,-294.7397252492815,-762.8344191916783,486.9461406437275,149
1.3713650226593017,0.006775552413307661,0.20510330200195312,0.005950343141895357,10,sqrt,1,10,500,"{'rf__max_depth': 10, 'rf__max_features': 'sqrt', 'rf__min_samples_leaf': 1, 'rf__min_samples_split': 10, 'rf__n_estimators': 500}",-385.1129605782126,-473.44956502086256,-1552.9415427483127,-1116.9851911957164,-308.58110498357263,-767.4140729053354,486.2818806936788,171
0.34986190795898436,0.012913165861784532,0.09037704467773437,0.008609344433420358,10,sqrt,2,2,100,"{'rf__max_depth': 10, 'rf__max_features': 'sqrt', 'rf__min_samples_leaf': 2, 'rf__min_samples_split': 2, 'rf__n_estimators': 100}",-337.83978507110265,-496.54103412472523,-1498.4122194971683,-1036.3469615864776,-526.2290079343161,-779.0738016427579,429.4368288900084,237
0.8946310997009277,0.03911259955870264,0.1446833610534668,0.010955170234813695,10,sqrt,2,2,300,"{'rf__max_depth': 10, 'rf__max_features': 'sqrt', 'rf__min_samples_leaf': 2, 'rf__min_samples_split': 2, 'rf__n_estimators': 300}",-319.72712082571616,-489.94424359505786,-1481.9028288768463,-1050.471064391384,-509.12822170135917,-770.2346958780727,432.3656687205993,200
1.3589933395385743,0.05979993375584381,0.20256443023681642,0.017372621501514078,10,sqrt,2,2,500,"{'rf__max_depth': 10, 'rf__max_features': 'sqrt', 'rf__min_samples_leaf': 2, 'rf__min_samples_split': 2, 'rf__n_estimators': 500}",-321.3533804878329,-479.24041494393197,-1490.7388676047938,-1053.2491331967667,-508.9439046286892,-770.7051401724029,436.7304228129369,203
0.383208703994751,0.015689888348243506,0.09479832649230957,0.007461507950473263,10,sqrt,2,5,100,"{'rf__max_depth': 10, 'rf__max_features': 'sqrt', 'rf__min_samples_leaf': 2, 'rf__min_samples_split': 5, 'rf__n_estimators': 100}",-334.01824114817526,-500.26871754120873,-1513.0412433231008,-1014.8164826495671,-436.9652208015889,-759.8219810927282,443.9086982828318,141
0.8144094467163085,0.012919935479116641,0.1448805332183838,0.005468797731320956,10,sqrt,2,5,300,"{'rf__max_depth': 10, 'rf__max_features': 'sqrt', 'rf__min_samples_leaf': 2, 'rf__min_samples_split': 5, 'rf__n_estimators': 300}",-320.1851099022899,-481.84857534831934,-1513.3508986866657,-1058.209090812099,-448.83325420056235,-764.4853857899873,452.54739889770497,156
1.3447523593902588,0.038452558112410155,0.21169824600219728,0.024701108727313854,10,sqrt,2,5,500,"{'rf__max_depth': 10, 'rf__max_features': 'sqrt', 'rf__min_samples_leaf': 2, 'rf__min_samples_split': 5, 'rf__n_estimators': 500}",-328.5572531713242,-476.9427012441992,-1510.291633242711,-1067.2558084131872,-463.18407481636837,-769.2462941775581,449.7288446497923,188
0.34473867416381837,0.0420581526606781,0.13069567680358887,0.058264076400026746,10,sqrt,2,10,100,"{'rf__max_depth': 10, 'rf__max_features': 'sqrt', 'rf__min_samples_leaf': 2, 'rf__min_samples_split': 10, 'rf__n_estimators': 100}",-378.47627858781703,-488.6219410268273,-1590.713781439507,-1111.9809385508447,-339.0683910198132,-781.7722661249619,491.52734008322966,248
0.8424146175384521,0.03130143878695561,0.15131926536560059,0.009787831666933932,10,sqrt,2,10,300,"{'rf__max_depth': 10, 'rf__max_features': 'sqrt', 'rf__min_samples_leaf': 2, 'rf__min_samples_split': 10, 'rf__n_estimators': 300}",-356.86849500862934,-481.1329333899103,-1571.8006357945544,-1136.6794148895951,-294.8940320233305,-768.275102221204,501.4320851118309,179
1.3739798069000244,0.030934882938616574,0.2015092372894287,0.017705199066444688,10,sqrt,2,10,500,"{'rf__max_depth': 10, 'rf__max_features': 'sqrt', 'rf__min_samples_leaf': 2, 'rf__min_samples_split': 10, 'rf__n_estimators': 500}",-355.7291864994226,-476.57704836909653,-1575.4021271603046,-1134.7285715127894,-319.31591977373745,-772.3505706630701,498.4988198645022,209
0.3627187728881836,0.025822423958057852,0.13567495346069336,0.05030013454903075,10,sqrt,4,2,100,"{'rf__max_depth': 10, 'rf__max_features': 'sqrt', 'rf__min_samples_leaf': 4, 'rf__min_samples_split': 2, 'rf__n_estimators': 100}",-350.8514190024915,-516.9925893856912,-1619.4604438193046,-1126.2949676088595,-339.2948509565051,-790.5788541545704,504.30485057276104,296
0.8378122806549072,0.01932706155261055,0.20462045669555665,0.011145160363266621,10,sqrt,4,2,300,"{'rf__max_depth': 10, 'rf__max_features': 'sqrt', 'rf__min_samples_leaf': 4, 'rf__min_samples_split': 2, 'rf__n_estimators': 300}",-335.46422444402,-490.6228259165617,-1620.944819031944,-1162.065176884933,-294.72375067748465,-780.7641593909887,523.4507256911793,238
1.521007251739502,0.13103868834817967,0.2524280548095703,0.04208678759736579,10,sqrt,4,2,500,"{'rf__max_depth': 10, 'rf__max_features': 'sqrt', 'rf__min_samples_leaf': 4, 'rf__min_samples_split': 2, 'rf__n_estimators': 500}",-337.4835195527577,-487.73948226009253,-1618.1902469596084,-1169.0075953118464,-301.3470713829321,-782.7535830934473,522.3404177315712,251
0.39482269287109373,0.025671299426352236,0.12539515495300294,0.018526953629274315,10,sqrt,4,5,100,"{'rf__max_depth': 10, 'rf__max_features': 'sqrt', 'rf__min_samples_leaf': 4, 'rf__min_samples_split': 5, 'rf__n_estimators': 100}",-350.8514190024916,-516.9925893856912,-1619.4604438193046,-1126.2949676088595,-339.29485095650506,-790.5788541545704,504.30485057276104,296
0.9004153251647949,0.027951315710406006,0.16434082984924317,0.012210754376796232,10,sqrt,4,5,300,"{'rf__max_depth': 10, 'rf__max_features': 'sqrt', 'rf__min_samples_leaf': 4, 'rf__min_samples_split': 5, 'rf__n_estimators': 300}",-335.46422444402,-490.6228259165616,-1620.944819031944,-1162.0651768849327,-294.72375067748465,-780.7641593909887,523.4507256911793,238
1.388188362121582,0.07015073659934479,0.2333293914794922,0.06550413714511419,10,sqrt,4,5,500,"{'rf__max_depth': 10, 'rf__max_features': 'sqrt', 'rf__min_samples_leaf': 4, 'rf__min_samples_split': 5, 'rf__n_estimators': 500}",-337.4835195527577,-487.7394822600926,-1618.1902469596084,-1169.0075953118464,-301.3470713829321,-782.7535830934473,522.3404177315712,251
0.40236539840698243,0.039821881071965125,0.11323981285095215,0.015028301726315372,10,sqrt,4,10,100,"{'rf__max_depth': 10, 'rf__max_features': 'sqrt', 'rf__min_samples_leaf': 4, 'rf__min_samples_split': 10, 'rf__n_estimators': 100}",-377.51358290709356,-497.47877863215405,-1625.3533831134082,-1145.9675521943373,-304.62667061892853,-790.1879934931843,512.9968760718964,293
0.9559111595153809,0.058138280352025284,0.18811450004577637,0.0266994077286889,10,sqrt,4,10,300,"{'rf__max_depth': 10, 'rf__max_features': 'sqrt', 'rf__min_samples_leaf': 4, 'rf__min_samples_split': 10, 'rf__n_estimators': 300}",-358.25949632871766,-492.28015994615134,-1625.6657114912512,-1176.4907687814823,-289.22823765579795,-788.3848748406801,524.1199435630014,276
1.5065290451049804,0.059825791973326894,0.3335721492767334,0.06675329629183607,10,sqrt,4,10,500,"{'rf__max_depth': 10, 'rf__max_features': 'sqrt', 'rf__min_samples_leaf': 4, 'rf__min_samples_split': 10, 'rf__n_estimators': 500}",-356.4462151119844,-486.31137223456886,-1621.9534640017885,-1177.1323621475565,-299.31619789661903,-788.2319222785034,522.1050971334756,273
0.4280571937561035,0.08987835387746693,0.13011417388916016,0.01295570840151062,10,log2,1,2,100,"{'rf__max_depth': 10, 'rf__max_features': 'log2', 'rf__min_samples_leaf': 1, 'rf__min_samples_split': 2, 'rf__n_estimators': 100}",-346.75544036229206,-488.05252455337336,-1319.0214708283993,-1033.728641331992,-501.44411660746675,-737.8004387367047,373.24145312117764,122
0.9855154037475586,0.0616281387121601,0.21520748138427734,0.023255244287489797,10,log2,1,2,300,"{'rf__max_depth': 10, 'rf__max_features': 'log2', 'rf__min_samples_leaf': 1, 'rf__min_samples_split': 2, 'rf__n_estimators': 300}",-338.7589294635841,-473.9484157065548,-1312.4490962139203,-1032.3897870823066,-446.77487396550003,-720.8642204863731,381.86848044488033,105
1.6388794422149657,0.06929571852141829,0.2885123252868652,0.07418407696998494,10,log2,1,2,500,"{'rf__max_depth': 10, 'rf__max_features': 'log2', 'rf__min_samples_leaf': 1, 'rf__min_samples_split': 2, 'rf__n_estimators': 500}",-341.76948656133794,-470.43902340282034,-1329.3490455711144,-1028.1576851639065,-464.6351265036799,-726.8700734405718,383.8180948497907,114
0.46204638481140137,0.07974582123916824,0.1278127670288086,0.022743889279150487,10,log2,1,5,100,"{'rf__max_depth': 10, 'rf__max_features': 'log2', 'rf__min_samples_leaf': 1, 'rf__min_samples_split': 5, 'rf__n_estimators': 100}",-338.3052610438556,-476.8681169895926,-1493.5169649527318,-1085.9645125633936,-473.38242274155647,-773.6074556582261,443.5118800461865,218
1.131527853012085,0.09003049552019621,0.22359981536865234,0.03354960231954312,10,log2,1,5,300,"{'rf__max_depth': 10, 'rf__max_features': 'log2', 'rf__min_samples_leaf': 1, 'rf__min_samples_split': 5, 'rf__n_estimators': 300}",-350.00660442529716,-479.8332265041046,-1478.3312299243419,-1058.057028761447,-474.8853987780966,-768.2226976786575,431.8282125357367,178
1.9196980953216554,0.15730713708426192,0.25467538833618164,0.06434186100431663,10,log2,1,5,500,"{'rf__max_depth': 10, 'rf__max_features': 'log2', 'rf__min_samples_leaf': 1, 'rf__min_samples_split': 5, 'rf__n_estimators': 500}",-351.4683861648606,-469.886068346636,-1480.964924446699,-1074.8061653496015,-494.2747946330056,-774.2800677881605,433.485363064044,222
0.5437338829040528,0.013418107702147743,0.13749055862426757,0.021993228435731142,10,log2,1,10,100,"{'rf__max_depth': 10, 'rf__max_features': 'log2', 'rf__min_samples_leaf': 1, 'rf__min_samples_split': 10, 'rf__n_estimators': 100}",-401.0426232058706,-509.93676998775703,-1558.5156979509031,-1099.9997569305726,-390.79624576645085,-792.0582187683109,463.84953101908116,305
0.8553812980651856,0.03378881326969044,0.15525465011596679,0.01737702127774451,10,log2,1,10,300,"{'rf__max_depth': 10, 'rf__max_features': 'log2', 'rf__min_samples_leaf': 1, 'rf__min_samples_split': 10, 'rf__n_estimators': 300}",-386.5323060716778,-493.5419068872835,-1557.0114467841158,-1112.1774948105424,-314.9248875169579,-772.8376084141155,483.1153284159311,213
1.45303053855896,0.03350592584433555,0.23239741325378419,0.01688687845549949,10,log2,1,10,500,"{'rf__max_depth': 10, 'rf__max_features': 'log2', 'rf__min_samples_leaf': 1, 'rf__min_samples_split': 10, 'rf__n_estimators': 500}",-388.04222883283245,-485.073514394142,-1564.6122212822565,-1127.8611458758191,-320.58346698305235,-777.2345154736206,487.4959594030815,234
0.3855341911315918,0.05291547797058246,0.10015316009521484,0.015224705264763523,10,log2,2,2,100,"{'rf__max_depth': 10, 'rf__max_features': 'log2', 'rf__min_samples_leaf': 2, 'rf__min_samples_split': 2, 'rf__n_estimators': 100}",-320.88575804220164,-471.26873189262267,-1523.2797401986634,-1033.04262683903,-469.56380700993276,-763.60813279649,451.13709438022073,151
1.337247085571289,0.14094541545654318,0.33859972953796386,0.04599094501152255,10,log2,2,2,300,"{'rf__max_depth': 10, 'rf__max_features': 'log2', 'rf__min_samples_leaf': 2, 'rf__min_samples_split': 2, 'rf__n_estimators': 300}",-319.20783398431587,-475.10593844694796,-1499.540281234548,-1071.719361244112,-439.37308136204655,-760.989299254394,452.18312110517775,144
2.647332286834717,0.1894128010627751,0.34342780113220217,0.05794862215908843,10,log2,2,2,500,"{'rf__max_depth': 10, 'rf__max_features': 'log2', 'rf__min_samples_leaf': 2, 'rf__min_samples_split': 2, 'rf__n_estimators': 500}",-322.0734132661215,-471.05674344785706,-1502.035344848704,-1085.7578444407268,-455.5957551084608,-767.303820222374,452.636220922173,170
0.6943304538726807,0.0699066998219359,0.20166563987731934,0.029021879768178983,10,log2,2,5,100,"{'rf__max_depth': 10, 'rf__max_features': 'log2', 'rf__min_samples_leaf': 2, 'rf__min_samples_split': 5, 'rf__n_estimators': 100}",-348.6437344193852,-471.41656218297555,-1514.7459118224006,-1076.3310402250065,-440.69916282534956,-770.3672822950234,452.4636379084384,201
1.5357839107513427,0.13378571258054434,0.23073573112487794,0.04448906605095098,10,log2,2,5,300,"{'rf__max_depth': 10, 'rf__max_features': 'log2', 'rf__min_samples_leaf': 2, 'rf__min_samples_split': 5, 'rf__n_estimators': 300}",-331.369270791632,-471.1826440959966,-1500.8138623629961,-1080.4975760305163,-404.3070745896591,-757.63408557416,457.19866829099755,135
2.217234992980957,0.11440735896324107,0.3041054725646973,0.02188431046585242,10,log2,2,5,500,"{'rf__max_depth': 10, 'rf__max_features': 'log2', 'rf__min_samples_leaf': 2, 'rf__min_samples_split': 5, 'rf__n_estimators': 500}",-332.10620016238556,-473.2001492677726,-1501.7243795306501,-1086.7076477045039,-433.6308367190361,-765.4738426768696,453.56525805019487,164
0.5010595321655273,0.045160885996345844,0.14349613189697266,0.02189003921042861,10,log2,2,10,100,"{'rf__max_depth': 10, 'rf__max_features': 'log2', 'rf__min_samples_leaf': 2, 'rf__min_samples_split': 10, 'rf__n_estimators': 100}",-398.9420460461845,-489.91180906086197,-1589.3215528300445,-1102.026221378759,-367.6661089814885,-789.5735476594677,481.1693172954924,283
1.2162687301635742,0.0555804282555134,0.18183131217956544,0.014700033705058044,10,log2,2,10,300,"{'rf__max_depth': 10, 'rf__max_features': 'log2', 'rf__min_samples_leaf': 2, 'rf__min_samples_split': 10, 'rf__n_estimators': 300}",-365.8838663276905,-480.4088394860374,-1576.9812225696512,-1135.5697570782163,-310.0731828790336,-773.7833736681257,498.6970900532254,219
1.5343870162963866,0.06487707158114207,0.221574068069458,0.01789565740502332,10,log2,2,10,500,"{'rf__max_depth': 10, 'rf__max_features': 'log2', 'rf__min_samples_leaf': 2, 'rf__min_samples_split': 10, 'rf__n_estimators': 500}",-362.1968361731849,-472.5315850226229,-1580.8991802196442,-1144.6788731804238,-317.8260951572123,-775.6265139506176,501.40513933336354,228
0.44231557846069336,0.037074547563642944,0.13265471458435057,0.024969362864902925,10,log2,4,2,100,"{'rf__max_depth': 10, 'rf__max_features': 'log2', 'rf__min_samples_leaf': 4, 'rf__min_samples_split': 2, 'rf__n_estimators': 100}",-369.4625933177242,-476.96679677829314,-1636.2924627430396,-1149.2505396346735,-340.00892776373047,-794.3962640474921,514.297328180159,309
0.8729240894317627,0.018062285330804038,0.1463144302368164,0.013826664256988752,10,log2,4,2,300,"{'rf__max_depth': 10, 'rf__max_features': 'log2', 'rf__min_samples_leaf': 4, 'rf__min_samples_split': 2, 'rf__n_estimators': 300}",-356.10028477305633,-482.2162736730486,-1630.5997282990834,-1180.8903219604686,-288.1981287748491,-787.6009474961012,528.0491024109517,261
1.434505033493042,0.07071461152810862,0.21416044235229492,0.015294481577604015,10,log2,4,2,500,"{'rf__max_depth': 10, 'rf__max_features': 'log2', 'rf__min_samples_leaf': 4, 'rf__min_samples_split': 2, 'rf__n_estimators': 500}",-354.195587957888,-476.0757696402496,-1630.4548428726532,-1186.751616573954,-302.4476094044489,-789.9850852898387,527.2489788681754,286
0.3833910465240479,0.02469173219038301,0.1130338191986084,0.01698565561262079,10,log2,4,5,100,"{'rf__max_depth': 10, 'rf__max_features': 'log2', 'rf__min_samples_leaf': 4, 'rf__min_samples_split': 5, 'rf__n_estimators': 100}",-369.46259331772416,-476.9667967782931,-1636.2924627430396,-1149.2505396346735,-340.0089277637304,-794.3962640474921,514.297328180159,309
0.8745806694030762,0.017980419584969348,0.16022167205810547,0.012782743243635179,10,log2,4,5,300,"{'rf__max_depth': 10, 'rf__max_features': 'log2', 'rf__min_samples_leaf': 4, 'rf__min_samples_split': 5, 'rf__n_estimators': 300}",-356.1002847730564,-482.2162736730486,-1630.5997282990834,-1180.8903219604686,-288.1981287748491,-787.6009474961012,528.0491024109516,261
1.442199468612671,0.09813220058938286,0.22998480796813964,0.029270983059821936,10,log2,4,5,500,"{'rf__max_depth': 10, 'rf__max_features': 'log2', 'rf__min_samples_leaf': 4, 'rf__min_samples_split': 5, 'rf__n_estimators': 500}",-354.195587957888,-476.0757696402496,-1630.4548428726532,-1186.751616573954,-302.44760940444894,-789.9850852898387,527.2489788681754,286
0.3932525157928467,0.07120827744615922,0.13303275108337403,0.020447185457127957,10,log2,4,10,100,"{'rf__max_depth': 10, 'rf__max_features': 'log2', 'rf__min_samples_leaf': 4, 'rf__min_samples_split': 10, 'rf__n_estimators': 100}",-395.3963491398274,-474.64035029422655,-1655.7961534887168,-1152.6442186498325,-317.44082938751586,-799.1835801920238,521.3766465147768,321
1.1007219791412353,0.05526997079890981,0.3087283134460449,0.11315806073392153,10,log2,4,10,300,"{'rf__max_depth': 10, 'rf__max_features': 'log2', 'rf__min_samples_leaf': 4, 'rf__min_samples_split': 10, 'rf__n_estimators': 300}",-376.1821919290209,-479.675635195079,-1644.4310404151481,-1179.9479521793846,-277.7660293735321,-791.6005698184329,531.4186728836492,302
2.1588706970214844,0.029038039994232653,0.28345375061035155,0.037145753631405154,10,log2,4,10,500,"{'rf__max_depth': 10, 'rf__max_features': 'log2', 'rf__min_samples_leaf': 4, 'rf__min_samples_split': 10, 'rf__n_estimators': 500}",-372.4361367176435,-476.6460230301786,-1641.5183851391553,-1185.489974451158,-296.649335797964,-794.5479710272199,528.6468826333379,315
0.6631080150604248,0.17290066544443625,0.16239943504333496,0.047281600337607206,10,1.0,1,2,100,"{'rf__max_depth': 10, 'rf__max_features': 1.0, 'rf__min_samples_leaf': 1, 'rf__min_samples_split': 2, 'rf__n_estimators': 100}",-491.21971682196664,-500.6914582090739,-1270.9099378865953,-769.095225298447,-213.56031035321763,-649.0953297138601,357.12534303529884,6
1.0435615539550782,0.03417738312690977,0.19531702995300293,0.027702089632989816,10,1.0,1,2,300,"{'rf__max_depth': 10, 'rf__max_features': 1.0, 'rf__min_samples_leaf': 1, 'rf__min_samples_split': 2, 'rf__n_estimators': 300}",-462.4290154233449,-536.6870157553213,-1260.4527247892524,-745.6422961500128,-255.9835134795786,-652.2389131195021,342.0662545937773,12
1.5907665252685548,0.03896334423875813,0.223160982131958,0.027532685143455624,10,1.0,1,2,500,"{'rf__max_depth': 10, 'rf__max_features': 1.0, 'rf__min_samples_leaf': 1, 'rf__min_samples_split': 2, 'rf__n_estimators': 500}",-463.34442505807897,-525.3194228593463,-1273.8274055425718,-727.5509640477243,-265.66435588773214,-651.1413146790908,344.4612338835654,7
0.511876106262207,0.05298943748961514,0.12997636795043946,0.036923914969759934,10,1.0,1,5,100,"{'rf__max_depth': 10, 'rf__max_features': 1.0, 'rf__min_samples_leaf': 1, 'rf__min_samples_split': 5, 'rf__n_estimators': 100}",-416.3320412692232,-491.6533038242309,-1421.340124558662,-773.7078624744512,-328.4479220225588,-686.2962508298253,396.67424011383997,31
0.9302037715911865,0.019973659909369893,0.15678095817565918,0.009748068567102797,10,1.0,1,5,300,"{'rf__max_depth': 10, 'rf__max_features': 1.0, 'rf__min_samples_leaf': 1, 'rf__min_samples_split': 5, 'rf__n_estimators': 300}",-426.1789911065137,-499.5757058360081,-1399.589789256001,-762.0952552079443,-327.47170703317187,-682.9822896879277,386.2017227544765,25
1.5924412250518798,0.03764588048175516,0.21743245124816896,0.01699142355946394,10,1.0,1,5,500,"{'rf__max_depth': 10, 'rf__max_features': 1.0, 'rf__min_samples_leaf': 1, 'rf__min_samples_split': 5, 'rf__n_estimators': 500}",-441.5154426066498,-488.6834078572895,-1404.3845756005383,-766.5092556177432,-341.5011699055486,-688.518770317554,384.6849094925369,40
0.4265467166900635,0.052789901217168554,0.10710377693176269,0.01553134639532293,10,1.0,1,10,100,"{'rf__max_depth': 10, 'rf__max_features': 1.0, 'rf__min_samples_leaf': 1, 'rf__min_samples_split': 10, 'rf__n_estimators': 100}",-419.97228808471397,-469.36373534182,-1454.2505541642547,-815.6489530804223,-409.5080479113752,-713.7487157165173,399.3288427175436,66
0.93705735206604,0.05173643952708904,0.15961112976074218,0.014750565109009907,10,1.0,1,10,300,"{'rf__max_depth': 10, 'rf__max_features': 1.0, 'rf__min_samples_leaf': 1, 'rf__min_samples_split': 10, 'rf__n_estimators': 300}",-423.77477790811366,-475.9875035773753,-1436.4909029385228,-831.3738626137645,-389.99470084416305,-711.524349576388,395.37302540800005,52
1.4642924308776855,0.061049813929852766,0.22508602142333983,0.016972453336227357,10,1.0,1,10,500,"{'rf__max_depth': 10, 'rf__max_features': 1.0, 'rf__min_samples_leaf': 1, 'rf__min_samples_split': 10, 'rf__n_estimators': 500}",-439.8387017230541,-468.76636272134317,-1438.5495946476512,-833.0856686624104,-403.0757355485982,-716.6632126606114,392.70749945142035,84
0.3752964973449707,0.04395131748264668,0.13885393142700195,0.038826132377515685,10,1.0,2,2,100,"{'rf__max_depth': 10, 'rf__max_features': 1.0, 'rf__min_samples_leaf': 2, 'rf__min_samples_split': 2, 'rf__n_estimators': 100}",-425.246845482501,-521.3559028552494,-1373.5145518183974,-727.5658411233504,-219.46883305066245,-653.4303948660321,395.43679602889205,13
0.970453405380249,0.06408117949506548,0.18403000831604005,0.025993771132244537,10,1.0,2,2,300,"{'rf__max_depth': 10, 'rf__max_features': 1.0, 'rf__min_samples_leaf': 2, 'rf__min_samples_split': 2, 'rf__n_estimators': 300}",-413.6882498829843,-546.5993052625616,-1355.8469195387715,-730.2015131249349,-236.78735639917323,-656.6246688416852,385.152531107022,19
1.5415969848632813,0.05671451533659955,0.2136519432067871,0.006533055538384732,10,1.0,2,2,500,"{'rf__max_depth': 10, 'rf__max_features': 1.0, 'rf__min_samples_leaf': 2, 'rf__min_samples_split': 2, 'rf__n_estimators': 500}",-431.1933147647263,-536.5797576677799,-1355.1198206746617,-718.1378491106007,-236.74110548313115,-655.5543695401799,382.93756766773197,16
0.4452365398406982,0.041013371708630196,0.12125558853149414,0.009079196508602798,10,1.0,2,5,100,"{'rf__max_depth': 10, 'rf__max_features': 1.0, 'rf__min_samples_leaf': 2, 'rf__min_samples_split': 5, 'rf__n_estimators': 100}",-399.4793561618238,-521.1309724349429,-1425.168686029895,-778.0480390469955,-316.0865003042323,-687.9827107955779,400.2337829424012,38
0.8886621475219727,0.02599336242400666,0.16516733169555664,0.015065089555066323,10,1.0,2,5,300,"{'rf__max_depth': 10, 'rf__max_features': 1.0, 'rf__min_samples_leaf': 2, 'rf__min_samples_split': 5, 'rf__n_estimators': 300}",-411.8941852209958,-528.2593087672075,-1405.9265299391948,-774.9928760803587,-310.89381620973893,-686.3933432434991,391.64625349740356,32
1.5285653114318847,0.07533396878510938,0.23022751808166503,0.013507973624846055,10,1.0,2,5,500,"{'rf__max_depth': 10, 'rf__max_features': 1.0, 'rf__min_samples_leaf': 2, 'rf__min_samples_split': 5, 'rf__n_estimators': 500}",-426.7782873035718,-522.4223952143238,-1409.00752437649,-769.0544380858685,-315.5596867453645,-688.5644663451237,390.0729655737461,41
0.407120943069458,0.04672754512707026,0.12130646705627442,0.022237679554764116,10,1.0,2,10,100,"{'rf__max_depth': 10, 'rf__max_features': 1.0, 'rf__min_samples_leaf': 2, 'rf__min_samples_split': 10, 'rf__n_estimators': 100}",-415.753847884207,-471.13685198225346,-1445.9766320578892,-837.9749393358711,-396.7353925619062,-713.5155327644254,399.93712230035516,61
0.941443920135498,0.07682395357847117,0.15931954383850097,0.027107452844899224,10,1.0,2,10,300,"{'rf__max_depth': 10, 'rf__max_features': 1.0, 'rf__min_samples_leaf': 2, 'rf__min_samples_split': 10, 'rf__n_estimators': 300}",-420.3698658899334,-482.9151675893694,-1435.3180958742773,-850.480877351991,-379.8366558095531,-713.7841325030249,397.54511400666695,67
1.4816259384155273,0.05907355208915317,0.209242582321167,0.010515259989224071,10,1.0,2,10,500,"{'rf__max_depth': 10, 'rf__max_features': 1.0, 'rf__min_samples_leaf': 2, 'rf__min_samples_split': 10, 'rf__n_estimators': 500}",-434.9704601270297,-476.66232179237915,-1435.605753475556,-842.879459843475,-388.7996053506712,-715.7835201178223,394.2716901318943,77
0.4039445400238037,0.07487011586278808,0.12587571144104004,0.02644170256989489,10,1.0,4,2,100,"{'rf__max_depth': 10, 'rf__max_features': 1.0, 'rf__min_samples_leaf': 4, 'rf__min_samples_split': 2, 'rf__n_estimators': 100}",-399.48003853791516,-515.7735265059667,-1515.7211286793242,-920.1337477737528,-247.62237759464307,-719.7461638183205,456.24717550499605,96
0.9332062244415283,0.04593458236919705,0.1610921859741211,0.00892005619755788,10,1.0,4,2,300,"{'rf__max_depth': 10, 'rf__max_features': 1.0, 'rf__min_samples_leaf': 4, 'rf__min_samples_split': 2, 'rf__n_estimators': 300}",-407.5524864890692,-522.8862793047537,-1511.6058051976408,-922.1593189577462,-222.28177362640872,-717.2971327151238,458.62235315261887,87
1.522340679168701,0.03472522506198145,0.2676997184753418,0.05184055644085689,10,1.0,4,2,500,"{'rf__max_depth': 10, 'rf__max_features': 1.0, 'rf__min_samples_leaf': 4, 'rf__min_samples_split': 2, 'rf__n_estimators': 500}",-425.925970926624,-510.386274557265,-1505.0370618265708,-900.1290784673039,-216.2231747805001,-711.5403121116527,454.4403986998963,55
0.4720632553100586,0.11083259988543227,0.13747076988220214,0.017634137890068846,10,1.0,4,5,100,"{'rf__max_depth': 10, 'rf__max_features': 1.0, 'rf__min_samples_leaf': 4, 'rf__min_samples_split': 5, 'rf__n_estimators': 100}",-399.48003853791516,-515.7735265059666,-1515.7211286793242,-920.1337477737528,-247.62237759464324,-719.7461638183204,456.24717550499605,93
0.9630854606628418,0.03348726768801093,0.1893012046813965,0.015516766550821287,10,1.0,4,5,300,"{'rf__max_depth': 10, 'rf__max_features': 1.0, 'rf__min_samples_leaf': 4, 'rf__min_samples_split': 5, 'rf__n_estimators': 300}",-407.55248648906934,-522.8862793047537,-1511.6058051976408,-922.1593189577462,-222.28177362640858,-717.2971327151238,458.62235315261887,87
1.537781000137329,0.017137611602031106,0.21186861991882325,0.012633503196250192,10,1.0,4,5,500,"{'rf__max_depth': 10, 'rf__max_features': 1.0, 'rf__min_samples_leaf': 4, 'rf__min_samples_split': 5, 'rf__n_estimators': 500}",-425.925970926624,-510.3862745572649,-1505.0370618265708,-900.129078467304,-216.2231747805001,-711.5403121116527,454.4403986998963,55
0.44235811233520506,0.025101521894501894,0.13795595169067382,0.013586184121393513,10,1.0,4,10,100,"{'rf__max_depth': 10, 'rf__max_features': 1.0, 'rf__min_samples_leaf': 4, 'rf__min_samples_split': 10, 'rf__n_estimators': 100}",-413.41992394282687,-497.33881524128464,-1530.1258005521302,-928.0428620314577,-242.60218866294107,-722.305918086128,462.8254693454458,111
0.8822794914245605,0.04090143119306956,0.15878009796142578,0.015821868170135017,10,1.0,4,10,300,"{'rf__max_depth': 10, 'rf__max_features': 1.0, 'rf__min_samples_leaf': 4, 'rf__min_samples_split': 10, 'rf__n_estimators': 300}",-425.08720492039987,-508.16840094649496,-1521.0885006784413,-932.0051538350083,-216.9064128491035,-720.6511346458896,462.9548988361149,102
1.5061007976531982,0.0493810946344301,0.2053952693939209,0.021592219506404466,10,1.0,4,10,500,"{'rf__max_depth': 10, 'rf__max_features': 1.0, 'rf__min_samples_leaf': 4, 'rf__min_samples_split': 10, 'rf__n_estimators': 500}",-439.1555403860137,-497.2237943853695,-1515.9779594347842,-910.9941552456307,-211.56981273543815,-714.9842524374473,459.7690712154745,73
0.4350688934326172,0.07759447708592632,0.1310333251953125,0.03689109473221201,20,sqrt,1,2,100,"{'rf__max_depth': 20, 'rf__max_features': 'sqrt', 'rf__min_samples_leaf': 1, 'rf__min_samples_split': 2, 'rf__n_estimators': 100}",-351.1541027987121,-482.4988730608056,-1342.4593378392074,-981.0937001889495,-543.4902026332527,-740.1392433041856,368.0237469738376,124
0.9339940547943115,0.07396520883721558,0.20194611549377442,0.0610467354301015,20,sqrt,1,2,300,"{'rf__max_depth': 20, 'rf__max_features': 'sqrt', 'rf__min_samples_leaf': 1, 'rf__min_samples_split': 2, 'rf__n_estimators': 300}",-346.9981761196316,-475.3587918609819,-1320.167894855433,-994.3071750190252,-471.99006843097214,-721.7644212572088,373.07344313551164,106
1.5891569614410401,0.06644866802569374,0.24827795028686522,0.01390187004010513,20,sqrt,1,2,500,"{'rf__max_depth': 20, 'rf__max_features': 'sqrt', 'rf__min_samples_leaf': 1, 'rf__min_samples_split': 2, 'rf__n_estimators': 500}",-350.538427012329,-468.0869038452919,-1336.5535384057953,-1009.3715332490029,-498.2711839544352,-732.5643172933709,377.41504194297454,117
0.46825780868530276,0.04919853349978555,0.1739870548248291,0.02842265202981146,20,sqrt,1,5,100,"{'rf__max_depth': 20, 'rf__max_features': 'sqrt', 'rf__min_samples_leaf': 1, 'rf__min_samples_split': 5, 'rf__n_estimators': 100}",-340.4357553365047,-477.4377044282853,-1464.8145563242606,-1036.01420386009,-523.4540874105592,-768.4312614719399,420.57616283632154,182
1.0171425819396973,0.08516896927327726,0.18120427131652833,0.01771789840322867,20,sqrt,1,5,300,"{'rf__max_depth': 20, 'rf__max_features': 'sqrt', 'rf__min_samples_leaf': 1, 'rf__min_samples_split': 5, 'rf__n_estimators': 300}",-349.1363179262171,-471.12897592245645,-1466.2495704100986,-1051.1769333834065,-461.2822521330161,-759.7948099550389,430.1302078240493,139
1.4877036094665528,0.06326578251541383,0.2235262870788574,0.023198222460264276,20,sqrt,1,5,500,"{'rf__max_depth': 20, 'rf__max_features': 'sqrt', 'rf__min_samples_leaf': 1, 'rf__min_samples_split': 5, 'rf__n_estimators': 500}",-355.42740261978446,-481.5073465967498,-1468.8610564928067,-1065.3781453670279,-474.36032081836373,-769.1068543789465,428.5212494077865,186
0.3793630123138428,0.017324573012702234,0.12437219619750976,0.018583912368077337,20,sqrt,1,10,100,"{'rf__max_depth': 20, 'rf__max_features': 'sqrt', 'rf__min_samples_leaf': 1, 'rf__min_samples_split': 10, 'rf__n_estimators': 100}",-397.34585441314766,-490.6231642881738,-1554.121948106235,-1073.573513659813,-323.8258202977292,-767.8980601530197,473.9147484791952,173
0.9593019962310791,0.06100665913829719,0.14357318878173828,0.022204522628679824,20,sqrt,1,10,300,"{'rf__max_depth': 20, 'rf__max_features': 'sqrt', 'rf__min_samples_leaf': 1, 'rf__min_samples_split': 10, 'rf__n_estimators': 300}",-385.0370181517045,-472.1826080030684,-1548.7495114860262,-1112.2722267616944,-294.58259705480464,-762.5647922914598,487.08070597721826,147
1.4202142715454102,0.0344622481347375,0.20833177566528321,0.022883654714290158,20,sqrt,1,10,500,"{'rf__max_depth': 20, 'rf__max_features': 'sqrt', 'rf__min_samples_leaf': 1, 'rf__min_samples_split': 10, 'rf__n_estimators': 500}",-384.5917863023166,-472.609356034109,-1552.9741462985528,-1116.8664615905109,-308.4289467355558,-767.0941393922091,486.48764821619966,166
0.36280031204223634,0.030151379339334174,0.10061655044555665,0.014178238184406113,20,sqrt,2,2,100,"{'rf__max_depth': 20, 'rf__max_features': 'sqrt', 'rf__min_samples_leaf': 2, 'rf__min_samples_split': 2, 'rf__n_estimators': 100}",-338.3745511737472,-494.75444961882243,-1502.8081636275417,-1043.6212726124777,-525.9503428085812,-781.1017559682341,431.94468090988255,244
0.8842178821563721,0.04848244450068732,0.15058484077453613,0.010072861872350108,20,sqrt,2,2,300,"{'rf__max_depth': 20, 'rf__max_features': 'sqrt', 'rf__min_samples_leaf': 2, 'rf__min_samples_split': 2, 'rf__n_estimators': 300}",-320.3058647246631,-489.93023048691987,-1483.483711323436,-1051.1289882555193,-505.1543738383689,-770.0006337257814,433.3358076947986,194
1.3971921920776367,0.07425521253281206,0.1953946590423584,0.007440737465598102,20,sqrt,2,2,500,"{'rf__max_depth': 20, 'rf__max_features': 'sqrt', 'rf__min_samples_leaf': 2, 'rf__min_samples_split': 2, 'rf__n_estimators': 500}",-321.56174449229337,-479.69805069836957,-1491.3971701212674,-1053.4847093918315,-508.5390607695026,-770.9361470946529,436.9226451388038,204
0.37352705001831055,0.03449291913376522,0.10646381378173828,0.023843428266116802,20,sqrt,2,5,100,"{'rf__max_depth': 20, 'rf__max_features': 'sqrt', 'rf__min_samples_leaf': 2, 'rf__min_samples_split': 5, 'rf__n_estimators': 100}",-334.01824114817526,-502.90972441202473,-1513.1561628196077,-1022.0113546301974,-436.96522080158894,-761.8121407623188,444.47386279189817,145
0.8764417171478271,0.027365269489551196,0.14895219802856446,0.01164526521781937,20,sqrt,2,5,300,"{'rf__max_depth': 20, 'rf__max_features': 'sqrt', 'rf__min_samples_leaf': 2, 'rf__min_samples_split': 5, 'rf__n_estimators': 300}",-320.7950667665317,-477.36054748322596,-1512.6439002676707,-1060.8502332191356,-453.96223246834916,-765.1223960409826,452.3931160801389,162
1.3746811866760253,0.03460365581754297,0.20338883399963378,0.02046575031329159,20,sqrt,2,5,500,"{'rf__max_depth': 20, 'rf__max_features': 'sqrt', 'rf__min_samples_leaf': 2, 'rf__min_samples_split': 5, 'rf__n_estimators': 500}",-328.91438529792134,-474.9916471732041,-1509.8903975181609,-1069.1354384765898,-466.6759336849086,-769.921560430157,449.5579422207876,192
0.3644753932952881,0.023408763401132075,0.1095726490020752,0.01532713920000559,20,sqrt,2,10,100,"{'rf__max_depth': 20, 'rf__max_features': 'sqrt', 'rf__min_samples_leaf': 2, 'rf__min_samples_split': 10, 'rf__n_estimators': 100}",-378.47627858781703,-488.62194102682736,-1590.7137814395073,-1111.9809385508443,-339.0683910198132,-781.7722661249618,491.52734008322966,246
0.8755314350128174,0.0586691249885429,0.15891485214233397,0.00999603246008416,20,sqrt,2,10,300,"{'rf__max_depth': 20, 'rf__max_features': 'sqrt', 'rf__min_samples_leaf': 2, 'rf__min_samples_split': 10, 'rf__n_estimators': 300}",-356.86849500862934,-481.1329333899103,-1571.8006357945544,-1136.6803137027423,-294.89403202333057,-768.2752819838335,501.4322171843205,180
1.5173372745513916,0.025335235022021382,0.20651493072509766,0.014180265065525766,20,sqrt,2,10,500,"{'rf__max_depth': 20, 'rf__max_features': 'sqrt', 'rf__min_samples_leaf': 2, 'rf__min_samples_split': 10, 'rf__n_estimators': 500}",-355.7291864994226,-476.5770483690965,-1575.4021271603046,-1134.7291145150925,-319.31591977373745,-772.3506792635308,498.4988988104028,210
0.3798868179321289,0.018573918508531365,0.09970831871032715,0.016248239673236655,20,sqrt,4,2,100,"{'rf__max_depth': 20, 'rf__max_features': 'sqrt', 'rf__min_samples_leaf': 4, 'rf__min_samples_split': 2, 'rf__n_estimators': 100}",-350.8514190024915,-516.9925893856912,-1619.4604438193046,-1126.2949676088595,-339.29485095650506,-790.5788541545704,504.30485057276104,296
0.8915393352508545,0.052033169092484545,0.13492393493652344,0.004780167423428662,20,sqrt,4,2,300,"{'rf__max_depth': 20, 'rf__max_features': 'sqrt', 'rf__min_samples_leaf': 4, 'rf__min_samples_split': 2, 'rf__n_estimators': 300}",-335.4642244440199,-490.6228259165616,-1620.944819031944,-1162.0651768849327,-294.7237506774847,-780.7641593909887,523.4507256911793,238
1.3681869029998779,0.05466197853881849,0.227675724029541,0.049787394681528326,20,sqrt,4,2,500,"{'rf__max_depth': 20, 'rf__max_features': 'sqrt', 'rf__min_samples_leaf': 4, 'rf__min_samples_split': 2, 'rf__n_estimators': 500}",-337.4835195527577,-487.73948226009253,-1618.1902469596084,-1169.0075953118464,-301.3470713829321,-782.7535830934473,522.3404177315712,251
0.3647256374359131,0.03563211041394799,0.10267095565795899,0.014206305827472619,20,sqrt,4,5,100,"{'rf__max_depth': 20, 'rf__max_features': 'sqrt', 'rf__min_samples_leaf': 4, 'rf__min_samples_split': 5, 'rf__n_estimators': 100}",-350.8514190024915,-516.9925893856912,-1619.4604438193046,-1126.2949676088595,-339.29485095650506,-790.5788541545704,504.30485057276104,296
0.8679096221923828,0.05776516423500246,0.1526540756225586,0.011014883672487678,20,sqrt,4,5,300,"{'rf__max_depth': 20, 'rf__max_features': 'sqrt', 'rf__min_samples_leaf': 4, 'rf__min_samples_split': 5, 'rf__n_estimators': 300}",-335.46422444402,-490.6228259165616,-1620.944819031944,-1162.0651768849327,-294.72375067748465,-780.7641593909887,523.4507256911793,238
1.3904465675354003,0.041433428499257255,0.203702974319458,0.008519713051729189,20,sqrt,4,5,500,"{'rf__max_depth': 20, 'rf__max_features': 'sqrt', 'rf__min_samples_leaf': 4, 'rf__min_samples_split': 5, 'rf__n_estimators': 500}",-337.4835195527577,-487.73948226009253,-1618.1902469596084,-1169.0075953118464,-301.34707138293203,-782.7535830934473,522.3404177315712,251
0.37890057563781737,0.034087063038254456,0.11633362770080566,0.024450904321411473,20,sqrt,4,10,100,"{'rf__max_depth': 20, 'rf__max_features': 'sqrt', 'rf__min_samples_leaf': 4, 'rf__min_samples_split': 10, 'rf__n_estimators': 100}",-377.51358290709356,-497.4787786321541,-1625.3533831134082,-1145.9675521943373,-304.62667061892853,-790.1879934931843,512.9968760718964,293
0.8811484813690186,0.05262768733159372,0.15855917930603028,0.020529604743763714,20,sqrt,4,10,300,"{'rf__max_depth': 20, 'rf__max_features': 'sqrt', 'rf__min_samples_leaf': 4, 'rf__min_samples_split': 10, 'rf__n_estimators': 300}",-358.2594963287176,-492.2801599461513,-1625.6657114912512,-1176.4907687814823,-289.22823765579795,-788.3848748406801,524.1199435630014,276
1.3832905769348145,0.047328436489446346,0.22903060913085938,0.025032763962995128,20,sqrt,4,10,500,"{'rf__max_depth': 20, 'rf__max_features': 'sqrt', 'rf__min_samples_leaf': 4, 'rf__min_samples_split': 10, 'rf__n_estimators': 500}",-356.4462151119844,-486.3113722345688,-1621.9534640017885,-1177.1323621475565,-299.31619789661903,-788.2319222785034,522.1050971334756,273
0.39899673461914065,0.0623691875927579,0.11890211105346679,0.009560011635564457,20,log2,1,2,100,"{'rf__max_depth': 20, 'rf__max_features': 'log2', 'rf__min_samples_leaf': 1, 'rf__min_samples_split': 2, 'rf__n_estimators': 100}",-339.5590934115499,-496.7665004172907,-1331.8768165051501,-1024.8171010283845,-519.3675467043768,-742.4774116133505,374.0594587893351,125
0.834736680984497,0.023153102814695143,0.15237674713134766,0.0060593014254968726,20,log2,1,2,300,"{'rf__max_depth': 20, 'rf__max_features': 'log2', 'rf__min_samples_leaf': 1, 'rf__min_samples_split': 2, 'rf__n_estimators': 300}",-336.86186882841616,-498.7295624299127,-1326.2749369544183,-1014.5192096772054,-433.3538440427219,-721.9478843865348,382.6782840991239,108
1.456686019897461,0.05414236088472385,0.21630477905273438,0.02835003700646197,20,log2,1,2,500,"{'rf__max_depth': 20, 'rf__max_features': 'log2', 'rf__min_samples_leaf': 1, 'rf__min_samples_split': 2, 'rf__n_estimators': 500}",-336.822607649896,-478.8483845999933,-1334.3619610763994,-1013.5694097507638,-473.1242095191533,-727.3453145192412,381.9111207796703,115
0.3456679344177246,0.03788533276013097,0.10583062171936035,0.010604172178191328,20,log2,1,5,100,"{'rf__max_depth': 20, 'rf__max_features': 'log2', 'rf__min_samples_leaf': 1, 'rf__min_samples_split': 5, 'rf__n_estimators': 100}",-335.52118791044734,-477.346833674337,-1482.5148820246925,-1094.2366158278412,-461.41507267473736,-770.206918422411,443.2716993812051,197
0.9008456230163574,0.039977497285343756,0.14380922317504882,0.01333950254134122,20,log2,1,5,300,"{'rf__max_depth': 20, 'rf__max_features': 'log2', 'rf__min_samples_leaf': 1, 'rf__min_samples_split': 5, 'rf__n_estimators': 300}",-339.59021560422167,-483.8055916310843,-1472.6757824287547,-1062.0993375456542,-482.309539574784,-768.0960933568997,431.04124554591556,176
1.386603832244873,0.06773918820774852,0.20893354415893556,0.029934039961803608,20,log2,1,5,500,"{'rf__max_depth': 20, 'rf__max_features': 'log2', 'rf__min_samples_leaf': 1, 'rf__min_samples_split': 5, 'rf__n_estimators': 500}",-345.0375128806449,-475.88414290229684,-1478.7103586977103,-1073.7012078525115,-500.7119548263698,-774.8090354319068,432.2042263088145,224
0.383779239654541,0.04665924020179735,0.09644522666931152,0.005707511249108102,20,log2,1,10,100,"{'rf__max_depth': 20, 'rf__max_features': 'log2', 'rf__min_samples_leaf': 1, 'rf__min_samples_split': 10, 'rf__n_estimators': 100}",-401.0324751839042,-513.0839664342366,-1558.5547719226272,-1100.0998935606406,-390.7189498871236,-792.6980113977063,463.50956130169476,306
0.8571011066436768,0.02690183011055277,0.156911039352417,0.01679175624309727,20,log2,1,10,300,"{'rf__max_depth': 20, 'rf__max_features': 'log2', 'rf__min_samples_leaf': 1, 'rf__min_samples_split': 10, 'rf__n_estimators': 300}",-386.3794013875636,-495.1796601904671,-1557.0328713028023,-1112.0953035537998,-314.6765793909967,-773.0727631651259,482.9934012106645,214
1.3770315647125244,0.037963990371330705,0.21106085777282715,0.017140158959505672,20,log2,1,10,500,"{'rf__max_depth': 20, 'rf__max_features': 'log2', 'rf__min_samples_leaf': 1, 'rf__min_samples_split': 10, 'rf__n_estimators': 500}",-387.8702363035802,-486.0243214556149,-1564.3592431782984,-1127.8296537240524,-318.6467386350984,-776.9460386593289,487.686895434755,231
0.33808131217956544,0.016020030569890747,0.11261487007141113,0.012073059012145214,20,log2,2,2,100,"{'rf__max_depth': 20, 'rf__max_features': 'log2', 'rf__min_samples_leaf': 2, 'rf__min_samples_split': 2, 'rf__n_estimators': 100}",-321.20821218080494,-472.22267442390114,-1523.1956208618114,-1031.731560235214,-469.73606249310285,-763.618826038967,450.7432290365133,152
0.9046426296234131,0.05172317292840946,0.15915269851684571,0.022685127899445837,20,log2,2,2,300,"{'rf__max_depth': 20, 'rf__max_features': 'log2', 'rf__min_samples_leaf': 2, 'rf__min_samples_split': 2, 'rf__n_estimators': 300}",-318.08476539120016,-475.7431953952618,-1499.2611947990686,-1071.7550717816155,-437.74351324944024,-760.5175481233173,452.46817533021425,142
1.3942714214324952,0.05621900687933793,0.23117432594299317,0.016255597281084735,20,log2,2,2,500,"{'rf__max_depth': 20, 'rf__max_features': 'log2', 'rf__min_samples_leaf': 2, 'rf__min_samples_split': 2, 'rf__n_estimators': 500}",-321.0607678757038,-472.13388630576367,-1501.7825632643999,-1085.7972307945442,-455.0522706410382,-767.16534377629,452.6933095489288,169
0.3736487865447998,0.06705337972764498,0.11295518875122071,0.01448337904872323,20,log2,2,5,100,"{'rf__max_depth': 20, 'rf__max_features': 'log2', 'rf__min_samples_leaf': 2, 'rf__min_samples_split': 5, 'rf__n_estimators': 100}",-347.002290213997,-470.0267322554267,-1514.7459118224006,-1075.5756722493995,-440.72950914222,-769.6160231366888,452.84706192068376,190
0.9273933410644531,0.05999181806337824,0.178756046295166,0.020033795499417202,20,log2,2,5,300,"{'rf__max_depth': 20, 'rf__max_features': 'log2', 'rf__min_samples_leaf': 2, 'rf__min_samples_split': 5, 'rf__n_estimators': 300}",-330.8971435475132,-471.040714606091,-1500.359559415021,-1080.0268198109375,-398.43019910268964,-756.1508872964505,458.00323475373966,133
1.494406509399414,0.045466831301559936,0.23659124374389648,0.023336456637264844,20,log2,2,5,500,"{'rf__max_depth': 20, 'rf__max_features': 'log2', 'rf__min_samples_leaf': 2, 'rf__min_samples_split': 5, 'rf__n_estimators': 500}",-331.8607959418689,-473.34000757224925,-1501.876474246047,-1086.1065773660307,-429.66601329139087,-764.5699736835173,454.14082653485457,158
0.39888958930969237,0.011944593688466303,0.1204345703125,0.025690469602990467,20,log2,2,10,100,"{'rf__max_depth': 20, 'rf__max_features': 'log2', 'rf__min_samples_leaf': 2, 'rf__min_samples_split': 10, 'rf__n_estimators': 100}",-398.9420460461845,-489.911809060862,-1589.3215528300445,-1102.026221378759,-367.6661089814885,-789.5735476594677,481.16931729549236,283
0.8952309131622315,0.024421105268012437,0.20924229621887208,0.04913232042601819,20,log2,2,10,300,"{'rf__max_depth': 20, 'rf__max_features': 'log2', 'rf__min_samples_leaf': 2, 'rf__min_samples_split': 10, 'rf__n_estimators': 300}",-365.8838663276905,-480.40883948603744,-1576.9812225696512,-1135.5697570782163,-310.07318287903354,-773.7833736681257,498.6970900532254,219
1.4769680976867676,0.020433786040279005,0.2290097713470459,0.021913327557155745,20,log2,2,10,500,"{'rf__max_depth': 20, 'rf__max_features': 'log2', 'rf__min_samples_leaf': 2, 'rf__min_samples_split': 10, 'rf__n_estimators': 500}",-362.1968361731849,-472.53302150495364,-1580.8991802196442,-1144.6788731804236,-317.82609515721236,-775.6268012470838,501.4049656655145,229
0.36307249069213865,0.03111107334280967,0.12298851013183594,0.02222760781027879,20,log2,4,2,100,"{'rf__max_depth': 20, 'rf__max_features': 'log2', 'rf__min_samples_leaf': 4, 'rf__min_samples_split': 2, 'rf__n_estimators': 100}",-369.4625933177241,-476.9667967782931,-1636.2924627430396,-1149.2505396346735,-340.0089277637305,-794.3962640474922,514.297328180159,314
0.8954767704010009,0.04743991426582993,0.14966220855712892,0.00733514397539741,20,log2,4,2,300,"{'rf__max_depth': 20, 'rf__max_features': 'log2', 'rf__min_samples_leaf': 4, 'rf__min_samples_split': 2, 'rf__n_estimators': 300}",-356.10028477305644,-482.21627367304865,-1630.5997282990834,-1180.8903219604686,-288.1981287748491,-787.6009474961013,528.0491024109517,265
1.4098889350891113,0.042307782372858094,0.20695128440856933,0.011457350149295656,20,log2,4,2,500,"{'rf__max_depth': 20, 'rf__max_features': 'log2', 'rf__min_samples_leaf': 4, 'rf__min_samples_split': 2, 'rf__n_estimators': 500}",-354.195587957888,-476.0757696402496,-1630.4548428726532,-1186.751616573954,-302.44760940444894,-789.9850852898387,527.2489788681754,286
0.38817877769470216,0.018821023103957158,0.12016029357910156,0.01721910454879331,20,log2,4,5,100,"{'rf__max_depth': 20, 'rf__max_features': 'log2', 'rf__min_samples_leaf': 4, 'rf__min_samples_split': 5, 'rf__n_estimators': 100}",-369.46259331772416,-476.9667967782931,-1636.2924627430396,-1149.2505396346735,-340.00892776373047,-794.3962640474921,514.297328180159,309
0.9091907978057862,0.03586959708463404,0.15201516151428224,0.014336231525056902,20,log2,4,5,300,"{'rf__max_depth': 20, 'rf__max_features': 'log2', 'rf__min_samples_leaf': 4, 'rf__min_samples_split': 5, 'rf__n_estimators': 300}",-356.1002847730564,-482.21627367304865,-1630.5997282990834,-1180.8903219604686,-288.1981287748491,-787.6009474961013,528.0491024109517,265
1.4383151531219482,0.02884944562282426,0.21075549125671386,0.014166364343174032,20,log2,4,5,500,"{'rf__max_depth': 20, 'rf__max_features': 'log2', 'rf__min_samples_leaf': 4, 'rf__min_samples_split': 5, 'rf__n_estimators': 500}",-354.195587957888,-476.0757696402496,-1630.4548428726532,-1186.751616573954,-302.44760940444894,-789.9850852898387,527.2489788681754,286
0.380601167678833,0.022882686365113324,0.1079401969909668,0.012653416986209132,20,log2,4,10,100,"{'rf__max_depth': 20, 'rf__max_features': 'log2', 'rf__min_samples_leaf': 4, 'rf__min_samples_split': 10, 'rf__n_estimators': 100}",-395.3963491398274,-474.64035029422666,-1655.7961534887168,-1152.6442186498327,-317.44082938751586,-799.1835801920239,521.3766465147768,322
0.8903233051300049,0.016366632393642243,0.14385690689086914,0.012136791696588732,20,log2,4,10,300,"{'rf__max_depth': 20, 'rf__max_features': 'log2', 'rf__min_samples_leaf': 4, 'rf__min_samples_split': 10, 'rf__n_estimators': 300}",-376.182191929021,-479.675635195079,-1644.4310404151481,-1179.9479521793846,-277.7660293735321,-791.6005698184329,531.418672883649,302
1.4026434898376465,0.02999582298949709,0.2181560516357422,0.019555426949939378,20,log2,4,10,500,"{'rf__max_depth': 20, 'rf__max_features': 'log2', 'rf__min_samples_leaf': 4, 'rf__min_samples_split': 10, 'rf__n_estimators': 500}",-372.4361367176435,-476.6460230301786,-1641.5183851391555,-1185.489974451158,-296.64933579796406,-794.5479710272199,528.6468826333379,315
0.39840264320373536,0.05137229161762403,0.10169811248779297,0.01001913643077216,20,1.0,1,2,100,"{'rf__max_depth': 20, 'rf__max_features': 1.0, 'rf__min_samples_leaf': 1, 'rf__min_samples_split': 2, 'rf__n_estimators': 100}",-482.0461072975664,-514.6190802940918,-1267.9715208715509,-663.912516772311,-303.8534752956143,-646.480540106227,331.1719631251293,4
0.9493665218353271,0.03981298180259541,0.19125604629516602,0.014540406069898695,20,1.0,1,2,300,"{'rf__max_depth': 20, 'rf__max_features': 1.0, 'rf__min_samples_leaf': 1, 'rf__min_samples_split': 2, 'rf__n_estimators': 300}",-451.2065500183049,-554.7037713293097,-1259.6677359711941,-711.6119492545525,-281.0532468092887,-651.64865067653,334.7234990180313,8
1.6173945426940919,0.06990852337193672,0.24657907485961914,0.03213805207171913,20,1.0,1,2,500,"{'rf__max_depth': 20, 'rf__max_features': 1.0, 'rf__min_samples_leaf': 1, 'rf__min_samples_split': 2, 'rf__n_estimators': 500}",-463.8477525125037,-533.1338890819076,-1275.1397502073773,-712.3978783256065,-275.31095901538004,-651.966045828555,341.57754621392183,10
0.46959853172302246,0.0567960818241624,0.1320394515991211,0.016867235852735786,20,1.0,1,5,100,"{'rf__max_depth': 20, 'rf__max_features': 1.0, 'rf__min_samples_leaf': 1, 'rf__min_samples_split': 5, 'rf__n_estimators': 100}",-414.7299402616927,-491.8074180737199,-1421.1955730373775,-772.0308785320491,-328.45517810370944,-685.6437976017097,396.7492185561255,29
0.9449561595916748,0.01620104183889768,0.17908425331115724,0.04160110929732924,20,1.0,1,5,300,"{'rf__max_depth': 20, 'rf__max_features': 1.0, 'rf__min_samples_leaf': 1, 'rf__min_samples_split': 5, 'rf__n_estimators': 300}",-435.1553025020244,-500.4503152614878,-1399.0366325620682,-762.1101373911016,-326.76395838138893,-684.7032692196142,384.86565609385906,27
1.557009792327881,0.07979562632810647,0.2193154811859131,0.017798395070350918,20,1.0,1,5,500,"{'rf__max_depth': 20, 'rf__max_features': 1.0, 'rf__min_samples_leaf': 1, 'rf__min_samples_split': 5, 'rf__n_estimators': 500}",-444.4601750854763,-490.0854987249686,-1404.0219482832572,-766.9281207521544,-341.03203690006427,-689.3055559491842,384.1294364766115,44
0.4190961837768555,0.08764195722958679,0.11447286605834961,0.020105028115201696,20,1.0,1,10,100,"{'rf__max_depth': 20, 'rf__max_features': 1.0, 'rf__min_samples_leaf': 1, 'rf__min_samples_split': 10, 'rf__n_estimators': 100}",-419.97228808471397,-469.36373534182,-1454.2482336281403,-815.6489530804223,-409.5080479113752,-713.7482516092944,399.3279820930292,64
0.9331833839416503,0.10458386913862322,0.16044697761535645,0.024227173564977403,20,1.0,1,10,300,"{'rf__max_depth': 20, 'rf__max_features': 1.0, 'rf__min_samples_leaf': 1, 'rf__min_samples_split': 10, 'rf__n_estimators': 300}",-423.77477790811366,-475.98747350822265,-1436.4903339662415,-831.3738626137645,-389.99470084416305,-711.524229768101,395.3728203340911,50
1.5440940380096435,0.03966437031323384,0.22582883834838868,0.011706939061406284,20,1.0,1,10,500,"{'rf__max_depth': 20, 'rf__max_features': 1.0, 'rf__min_samples_leaf': 1, 'rf__min_samples_split': 10, 'rf__n_estimators': 500}",-439.83870172305404,-468.76634252907405,-1438.5493773884446,-833.0856686624104,-403.0757355485981,-716.6631651703162,392.70742212625606,83
0.3988678455352783,0.04366625989724263,0.12725486755371093,0.01566672011149266,20,1.0,2,2,100,"{'rf__max_depth': 20, 'rf__max_features': 1.0, 'rf__min_samples_leaf': 2, 'rf__min_samples_split': 2, 'rf__n_estimators': 100}",-425.246845482501,-521.3559028552494,-1373.5145518183974,-728.7686000346903,-219.57932651758932,-653.6930453416855,395.45792354730474,14
0.9413678169250488,0.07114789850784656,0.1735628604888916,0.02074550342421346,20,1.0,2,2,300,"{'rf__max_depth': 20, 'rf__max_features': 1.0, 'rf__min_samples_leaf': 2, 'rf__min_samples_split': 2, 'rf__n_estimators': 300}",-416.46956477176616,-549.3285994331636,-1355.8469195387715,-731.1195215561394,-236.82188552178965,-657.9172981643261,384.67497498602677,20
1.553395414352417,0.05876513890853584,0.22026443481445312,0.012658508128004887,20,1.0,2,2,500,"{'rf__max_depth': 20, 'rf__max_features': 1.0, 'rf__min_samples_leaf': 2, 'rf__min_samples_split': 2, 'rf__n_estimators': 500}",-431.7887509741859,-538.2041161427821,-1355.1198206746617,-719.94439359932,-236.76694388964825,-656.3648050561195,382.821016533407,17
0.4477198123931885,0.05061029524539707,0.12743349075317384,0.027135505266701214,20,1.0,2,5,100,"{'rf__max_depth': 20, 'rf__max_features': 1.0, 'rf__min_samples_leaf': 2, 'rf__min_samples_split': 5, 'rf__n_estimators': 100}",-399.4793561618238,-521.1309724349429,-1425.168686029895,-778.0339334959285,-316.0865003042323,-687.9798896853645,400.233148142161,36
0.9437354564666748,0.04931734218309956,0.1768467903137207,0.016050419976090646,20,1.0,2,5,300,"{'rf__max_depth': 20, 'rf__max_features': 1.0, 'rf__min_samples_leaf': 2, 'rf__min_samples_split': 5, 'rf__n_estimators': 300}",-411.89409001450576,-528.2593038242144,-1405.9265299391948,-776.2140913666966,-310.8930488343289,-686.6374127957881,391.7019686567456,33
1.5208798885345458,0.05498202223841491,0.21630568504333497,0.02029404551826521,20,1.0,2,5,500,"{'rf__max_depth': 20, 'rf__max_features': 1.0, 'rf__min_samples_leaf': 2, 'rf__min_samples_split': 5, 'rf__n_estimators': 500}",-426.7781465825707,-522.4223918901806,-1409.00752437649,-769.7779701065106,-315.5592200185181,-688.7090505948539,390.10303983484835,42
0.4407979965209961,0.044233697849740565,0.12011919021606446,0.017229816071620194,20,1.0,2,10,100,"{'rf__max_depth': 20, 'rf__max_features': 1.0, 'rf__min_samples_leaf': 2, 'rf__min_samples_split': 10, 'rf__n_estimators': 100}",-415.753847884207,-471.13685198225346,-1445.9766320578892,-837.9749393358711,-396.73539256190634,-713.5155327644254,399.93712230035516,61
0.9039850234985352,0.04326707907370718,0.1511767864227295,0.01199157458749592,20,1.0,2,10,300,"{'rf__max_depth': 20, 'rf__max_features': 1.0, 'rf__min_samples_leaf': 2, 'rf__min_samples_split': 10, 'rf__n_estimators': 300}",-420.3698658899334,-482.91516758936933,-1435.3180958742776,-850.480877351991,-379.8366558095531,-713.7841325030249,397.545114006667,67
1.518779468536377,0.05930442005315512,0.21280460357666015,0.008252885589077764,20,1.0,2,10,500,"{'rf__max_depth': 20, 'rf__max_features': 1.0, 'rf__min_samples_leaf': 2, 'rf__min_samples_split': 10, 'rf__n_estimators': 500}",-434.9704601270297,-476.66232179237915,-1435.605753475556,-842.879459843475,-388.7996053506712,-715.7835201178223,394.2716901318943,77
0.3969995975494385,0.03006401709577154,0.11046843528747559,0.023750716937966484,20,1.0,4,2,100,"{'rf__max_depth': 20, 'rf__max_features': 1.0, 'rf__min_samples_leaf': 4, 'rf__min_samples_split': 2, 'rf__n_estimators': 100}",-399.4800385379152,-515.7735265059667,-1515.7211286793242,-920.1337477737527,-247.62237759464313,-719.7461638183205,456.24717550499605,96
0.8991105556488037,0.05961558567703093,0.16600632667541504,0.026043214562698865,20,1.0,4,2,300,"{'rf__max_depth': 20, 'rf__max_features': 1.0, 'rf__min_samples_leaf': 4, 'rf__min_samples_split': 2, 'rf__n_estimators': 300}",-407.5524864890692,-522.8862793047537,-1511.6058051976408,-922.1593189577461,-222.28177362640858,-717.2971327151238,458.62235315261887,87
1.4621896743774414,0.0725964416891193,0.21811037063598632,0.009455135762339984,20,1.0,4,2,500,"{'rf__max_depth': 20, 'rf__max_features': 1.0, 'rf__min_samples_leaf': 4, 'rf__min_samples_split': 2, 'rf__n_estimators': 500}",-425.9259709266241,-510.386274557265,-1505.0370618265708,-900.1290784673039,-216.22317478050013,-711.5403121116527,454.4403986998963,55
0.4166665554046631,0.04857553298511447,0.10648913383483886,0.006625561182315763,20,1.0,4,5,100,"{'rf__max_depth': 20, 'rf__max_features': 1.0, 'rf__min_samples_leaf': 4, 'rf__min_samples_split': 5, 'rf__n_estimators': 100}",-399.48003853791516,-515.7735265059667,-1515.7211286793242,-920.1337477737528,-247.62237759464315,-719.7461638183205,456.24717550499605,96
0.9239822864532471,0.03850870847980061,0.17336030006408693,0.010297353515822128,20,1.0,4,5,300,"{'rf__max_depth': 20, 'rf__max_features': 1.0, 'rf__min_samples_leaf': 4, 'rf__min_samples_split': 5, 'rf__n_estimators': 300}",-407.5524864890693,-522.8862793047537,-1511.6058051976408,-922.1593189577461,-222.28177362640872,-717.2971327151238,458.6223531526188,87
1.5220674991607666,0.05310044029352203,0.2141256809234619,0.006880667184873905,20,1.0,4,5,500,"{'rf__max_depth': 20, 'rf__max_features': 1.0, 'rf__min_samples_leaf': 4, 'rf__min_samples_split': 5, 'rf__n_estimators': 500}",-425.92597092662413,-510.386274557265,-1505.0370618265708,-900.1290784673039,-216.2231747805001,-711.5403121116527,454.4403986998963,55
0.3988958835601807,0.029909492802073796,0.11930756568908692,0.02051382051452121,20,1.0,4,10,100,"{'rf__max_depth': 20, 'rf__max_features': 1.0, 'rf__min_samples_leaf': 4, 'rf__min_samples_split': 10, 'rf__n_estimators': 100}",-413.41992394282687,-497.33881524128464,-1530.1258005521302,-928.0428620314577,-242.60218866294102,-722.305918086128,462.82546934544587,111
0.9084035873413085,0.04777924205450024,0.14807324409484862,0.018689153701022775,20,1.0,4,10,300,"{'rf__max_depth': 20, 'rf__max_features': 1.0, 'rf__min_samples_leaf': 4, 'rf__min_samples_split': 10, 'rf__n_estimators': 300}",-425.08720492039987,-508.16840094649496,-1521.0885006784413,-932.0051538350083,-216.90641284910356,-720.6511346458896,462.9548988361149,102
1.3180164337158202,0.15156369618971494,0.14738664627075196,0.02470342116661194,20,1.0,4,10,500,"{'rf__max_depth': 20, 'rf__max_features': 1.0, 'rf__min_samples_leaf': 4, 'rf__min_samples_split': 10, 'rf__n_estimators': 500}",-439.15554038601374,-497.22379438536944,-1515.9779594347842,-910.9941552456309,-211.56981273543815,-714.9842524374473,459.7690712154745,73
